대분류,자치구,연도,발생량,재활용_합계,재활용,음식물,소각,매립,기타,주민1인당_생활폐기물_kg_일,생활계폐기물_톤_일,주민수,광역시도,재활용총량_발생량,재활용총량_재활용량,생활폐기물재활용통계_발생량,생활폐기물재활용통계_재활용량,음식물폐기물_발생량,음식물폐기물_재활용량,사업장배출시설계_발생량,사업장배출시설계_재활용량,건설폐기물_발생량,건설폐기물_재활용량,지정폐기물_발생량,지정폐기물_재활용량,재활용률
계,강남구,2000,794.1,377.0,207.0,170.0,32.3,384.8,,,,,서울시,,594.0,,339.0,,,,,,255.0,,,
계,강남구,2001,799.0,510.7,242.1,268.6,158.7,129.6,,,,,서울시,,574.0,,511.0,,,,,,63.0,,,
계,강남구,2002,861.3,567.9,295.0,272.9,162.8,130.6,,,,,서울시,,599.0,,568.0,,,,32.0,,,,,
계,강남구,2003,874.9,556.8,267.3,289.5,169.5,148.6,,,,,서울시,,3345.0,,557.0,,,,32.0,,2757.0,,,
계,강남구,2004,835.0,541.4,242.4,299.0,168.0,125.6,,,,,서울시,,2832.0,,242.0,,299.0,,28.0,,2262.0,,7.0,
계,강남구,2005,823.6,542.7,237.5,305.2,212.5,68.4,,,,,서울시,,1777.0,,238.0,,305.0,,37.0,,1197.0,,6.0,
계,강남구,2006,800.4,520.4,209.9,310.5,233.4,46.6,,,,,서울시,,3066.0,,240.0,,311.0,,28.0,,2488.0,,6.0,
계,강남구,2007,837.9,530.8,200.9,329.9,246.3,60.8,,,,,서울시,,2828.0,,201.0,,330.0,,87.0,,2210.0,,7.0,
계,강남구,2008,942.9,581.5,239.7,341.8,193.1,168.3,,,,,서울시,,2155.0,,240.0,,342.0,,192.0,,1381.0,,6.0,
계,강남구,2009,978.7,605.1,263.3,341.8,197.6,176.0,,1.72,978.7,569499.0,서울시,,2174.0,,263.0,,342.0,,116.0,,1452.0,,7.0,
계,강남구,2010,990.5,632.2,291.9,340.3,136.6,221.7,,1.72,990.5,577070.0,서울시,2909.8,2261.8,650.2,291.9,340.3,340.3,363.1,119.2,1556.2,1510.4,64.1,6.0,
계,강남구,2011,1017.3,660.5,318.0,342.5,315.7,41.1,,1.78,1017.3,573003.0,서울시,3761.4,3024.3,659.1,302.3,358.2,358.2,377.1,117.9,2367.0,2245.9,19.5,1.5,
계,강남구,2012,984.9,679.8,339.8,340.0,234.7,70.4,,1.73,984.9,569997.0,서울시,4326.7,3712.7,644.9,339.8,340.0,340.0,340.4,138.4,3001.4,2894.5,63.3,4.4,
계,강남구,2013,745.2,499.5,222.7,276.8,160.4,85.3,,1.31,745.2,569152.0,서울시,2710.6,2378.1,468.4,222.7,276.8,276.8,,,1965.4,1878.6,95.3,6.5,
계,강남구,2014,808.2,556.2,213.9,342.3,143.6,108.4,,1.39,808.2,583446.0,서울시,2952.7,2375.3,465.9,213.9,342.3,342.3,390.4,151.0,1754.1,1668.1,53.8,5.9,
계,강남구,2015,713.2,470.5,198.3,272.2,200.3,42.4,,1.23,713.2,581760.0,서울시,3134.6,2587.6,441.0,198.3,272.2,272.2,478.9,237.7,1942.5,1879.4,52.1,3.9,
계,강남구,2016,707.2,474.7,188.9,285.8,77.0,155.5,,1.24,707.2,572140.0,서울시,4009.8,3156.6,421.4,188.9,285.8,285.8,581.6,,2721.0,2681.9,52.2,4.2,
계,강남구,2017,708.3,474.8,213.0,261.8,148.6,84.9,,1.26,708.3,561052.0,서울시,3067.4,2354.1,446.5,213.0,261.8,261.8,604.8,186.9,1754.3,1692.4,51.0,3.6,
계,강남구,2018,677.1,445.5,176.0,269.5,204.7,26.9,,1.24,677.1,547453.0,서울시,4789.0,4235.5,407.6,176.0,269.5,269.5,524.3,391.0,3587.6,3399.0,53.7,4.1,
계,강남구,2019,591.2,348.2,225.0,123.2,197.4,44.0,1.6,1.07,591.2,550209.0,서울시,3667.2,3055.1,319.6,76.6,271.6,271.6,586.2,234.3,2489.8,2472.6,50.8,4.4,
계,강남구,2020,254317.0,166714.0,77982.0,88732.0,74305.0,12820.0,478.0,1.28,694.9,544055.0,서울시,2015276.0,1863769.0,254317.0,166714.0,,,149499.0,88067.0,1611460.0,1608988.0,18547.0,1397.0,92.5
계,강남구,2021,248001.0,161619.0,76884.0,84735.0,73051.0,13244.0,87.0,1.26,679.5,537800.0,서울시,1530852.0,1361803.0,248001.0,161619.0,,,150248.0,71937.0,1132603.0,1128246.0,20172.0,2217.0,89.0
계,강남구,2022,263297.0,163224.0,73249.0,89976.0,81017.0,16579.0,2477.0,1.35,721.4,534103.0,서울시,1345308.0,1183372.0,263297.0,163224.0,,,148711.0,88288.0,933301.0,931860.0,19656.0,1204.0,88.0
계,강남구,2023,261425.0,161437.0,75688.0,85749.0,85097.0,14630.0,262.0,1.3,716.2,550282.0,서울시,1242720.0,1048413.0,261425.0,161437.0,,,154303.0,62105.0,826993.0,824871.0,18166.0,1131.0,84.4
계,강남구,2024,266815.0,169222.0,88651.0,80570.0,85233.0,10546.0,1814.0,1.29,729.0,563215.0,서울시,1049720.0,878728.0,266815.0,169222.0,,,151389.0,78396.0,631516.0,631110.0,18614.0,1406.0,83.7
계,강동구,2000,467.1,259.3,194.0,65.3,6.4,201.4,,,,,서울시,,379.0,,279.0,,,,92.0,,8.0,,,
계,강동구,2001,505.9,301.4,222.9,78.5,7.4,197.1,,,,,서울시,,933.0,,301.0,,,,105.0,,527.0,,,
계,강동구,2002,537.9,299.8,206.7,93.1,12.7,225.4,,,,,서울시,,621.0,,300.0,,,,110.0,,211.0,,,
계,강동구,2003,429.2,223.3,138.3,85.0,6.4,199.5,,,,,서울시,,425.0,,223.0,,,,95.0,,107.0,,,
계,강동구,2004,450.9,255.8,155.1,100.7,13.3,181.8,,,,,서울시,,1039.0,,162.0,,94.0,,99.0,,684.0,,3.0,
계,강동구,2005,437.6,281.3,168.3,113.0,16.4,139.9,,,,,서울시,,1261.0,,168.0,,113.0,,86.0,,894.0,,0.0,
계,강동구,2006,418.7,261.9,148.8,113.1,13.6,143.2,,,,,서울시,,1520.0,,239.0,,113.0,,0.0,,1168.0,,3.0,
계,강동구,2007,386.2,241.0,132.0,109.0,22.8,122.4,,,,,서울시,,1443.0,,132.0,,109.0,,98.0,,1104.0,,3.0,
계,강동구,2008,496.2,350.9,239.4,111.5,61.7,83.6,,,,,서울시,,1262.0,,239.0,,112.0,,99.0,,813.0,,4.0,
계,강동구,2009,426.4,288.8,171.6,117.2,57.7,79.9,,0.87,426.4,489655.0,서울시,,1641.0,,172.0,,117.0,,165.0,,1188.0,,5.0,
계,강동구,2010,258.5,136.4,18.1,118.3,62.0,60.1,,0.52,258.5,496939.0,서울시,1050.7,907.0,140.2,18.1,118.3,118.3,155.2,155.2,637.0,615.4,8.2,1.5,
계,강동구,2011,262.7,141.2,15.2,126.0,55.3,66.2,,0.52,262.7,500516.0,서울시,914.4,772.1,136.7,15.2,126.0,126.0,8.6,8.6,643.1,622.3,9.1,3.5,
계,강동구,2012,258.6,147.1,26.2,120.9,51.9,59.6,,0.52,258.6,492728.0,서울시,965.1,839.2,137.7,26.2,120.9,120.9,106.8,100.4,599.7,591.7,11.6,4.5,
계,강동구,2013,246.4,131.9,10.3,121.6,52.9,61.6,,0.5,246.4,487969.0,서울시,1782.0,1647.2,124.8,10.3,121.6,121.6,143.0,125.7,1392.6,1389.6,10.3,1.3,
계,강동구,2014,392.6,274.3,148.9,125.4,59.2,59.1,,0.82,392.6,481332.0,서울시,1065.9,932.2,267.2,148.9,125.4,125.4,17.3,13.0,656.0,644.9,12.5,5.0,
계,강동구,2015,412.4,304.6,173.1,131.5,63.3,44.5,,0.89,412.4,463321.0,서울시,1363.7,1243.7,280.9,173.1,131.5,131.5,,,951.3,939.1,13.7,3.7,
계,강동구,2016,500.2,391.4,268.9,122.5,79.6,29.2,,1.12,500.2,448471.0,서울시,3630.2,3440.0,377.7,268.9,122.5,122.5,295.9,241.5,2834.1,2807.1,13.3,3.7,
계,강동구,2017,375.0,279.8,165.3,114.5,74.1,21.1,,0.85,375.0,440359.0,서울시,2313.3,2192.3,260.5,165.3,114.5,114.5,24.0,23.8,1914.3,1888.7,10.7,3.1,
계,강동구,2018,370.1,268.5,158.6,109.9,61.3,40.3,,0.86,370.1,431920.0,서울시,2328.3,2196.2,260.2,158.6,109.9,109.9,116.0,115.7,1842.2,1812.0,11.5,2.0,
계,강동구,2019,419.9,283.1,165.5,117.6,74.9,40.9,21.0,0.95,419.9,440390.0,서울시,4535.3,4352.8,306.4,169.6,113.5,113.5,389.0,355.4,3726.4,3714.3,20.2,3.3,
계,강동구,2020,134696.0,90881.0,50471.0,40410.0,26954.0,16699.0,161.0,0.79,368.0,463998.0,서울시,1007193.0,953590.0,134696.0,90881.0,,,114885.0,107411.0,757613.0,755298.0,5259.0,1551.0,94.7
계,강동구,2021,146616.0,97802.0,55306.0,42496.0,20752.0,15911.0,12151.0,0.86,401.7,466472.0,서울시,1087820.0,1027200.0,146616.0,97802.0,,,104025.0,93768.0,837179.0,835630.0,5639.0,1740.0,94.4
계,강동구,2022,126256.0,90128.0,49478.0,40650.0,19731.0,16367.0,30.0,0.75,345.9,464037.0,서울시,753567.0,710501.0,126256.0,90128.0,,,105328.0,98728.0,521982.0,521646.0,4733.0,1588.0,94.3
계,강동구,2023,122793.0,87690.0,49144.0,38546.0,20634.0,14436.0,33.0,0.73,336.4,463318.0,서울시,589260.0,546547.0,122793.0,87690.0,,,95364.0,88299.0,371103.0,370558.0,4949.0,1759.0,92.8
계,강동구,2024,129564.0,84538.0,46483.0,38055.0,33808.0,10643.0,574.0,0.74,354.0,481474.0,서울시,523007.0,471647.0,129564.0,84538.0,,,92905.0,86982.0,300538.0,300127.0,4468.0,1738.0,90.2
계,강북구,2000,422.8,239.7,182.0,57.7,1.3,181.8,,,,,서울시,,744.0,,245.0,,,,,,499.0,,,
계,강북구,2001,428.5,237.5,177.7,59.8,1.3,189.7,,,,,서울시,,1025.0,,238.0,,,,,,787.0,,,
계,강북구,2002,432.3,232.7,179.4,53.3,0.2,199.4,,,,,서울시,,835.0,,233.0,,,,,,602.0,,,
계,강북구,2003,387.8,191.8,153.4,38.4,1.7,194.3,,,,,서울시,,440.0,,192.0,,,,,,248.0,,,
계,강북구,2004,374.9,199.5,121.0,78.5,5.2,170.2,,,,,서울시,,513.0,,152.0,,48.0,,,,313.0,,2.0,
계,강북구,2005,354.0,236.6,153.4,83.2,,117.4,,,,,서울시,,1289.0,,154.0,,83.0,,,,1052.0,,1.0,
계,강북구,2006,350.4,235.9,155.4,80.5,6.5,108.0,,,,,서울시,,657.0,,144.0,,81.0,,1.0,,432.0,,1.0,
계,강북구,2007,346.0,230.5,146.0,84.5,40.9,74.6,,,,,서울시,,872.0,,146.0,,85.0,,,,641.0,,2.0,
계,강북구,2008,327.3,231.8,143.5,88.3,54.2,41.3,,,,,서울시,,1028.0,,144.0,,88.0,,,,796.0,,2.0,
계,강북구,2009,315.7,223.3,133.6,89.7,76.0,16.4,,0.92,315.7,343912.0,서울시,,942.0,,134.0,,90.0,,,,719.0,,2.0,
계,강북구,2010,233.4,145.4,56.9,88.5,77.2,10.8,,0.67,233.4,350007.0,서울시,901.2,792.1,144.9,56.9,88.5,88.5,,,667.8,646.7,5.5,3.8,
계,강북구,2011,242.9,157.6,69.3,88.3,75.0,10.3,,0.7,242.9,348740.0,서울시,798.9,683.0,154.5,69.2,88.4,88.4,37.0,37.0,519.0,488.4,12.9,3.1,
계,강북구,2012,242.5,164.4,74.7,89.7,76.1,2.0,,0.7,242.5,346493.0,서울시,875.6,794.2,152.8,74.7,89.7,89.7,16.0,16.0,617.1,613.8,5.7,3.4,
계,강북구,2013,232.6,156.1,68.4,87.7,69.9,6.6,,0.68,232.6,341921.0,서울시,832.6,754.4,144.9,68.4,87.7,87.7,12.8,12.8,587.2,585.5,5.2,3.5,
계,강북구,2014,232.0,150.3,62.6,87.7,66.2,15.5,,0.69,232.0,338410.0,서울시,744.2,661.2,144.3,62.6,87.7,87.7,10.4,10.4,501.8,500.5,3.1,1.5,
계,강북구,2015,230.2,152.7,64.1,88.6,66.0,11.5,,0.69,230.2,334426.0,서울시,1049.9,970.6,141.6,64.1,88.6,88.6,,,819.7,817.9,5.7,1.9,
계,강북구,2016,230.0,154.8,70.3,84.5,67.2,8.0,,0.7,230.0,330704.0,서울시,885.1,808.2,145.5,70.3,84.5,84.5,,,655.1,653.4,3.9,1.7,
계,강북구,2017,224.9,153.7,74.9,78.8,64.6,6.6,,0.69,224.9,328002.0,서울시,908.1,835.6,146.1,74.9,78.8,78.8,,,683.2,681.9,3.3,1.3,
계,강북구,2018,230.6,155.4,79.5,75.9,69.1,6.1,,0.71,230.6,322915.0,서울시,832.8,755.8,154.7,79.5,75.9,75.9,,,602.2,600.4,3.5,1.1,
계,강북구,2019,251.2,175.3,101.7,73.6,69.0,6.9,,0.79,251.2,317695.0,서울시,847.5,770.8,177.7,101.8,73.5,73.5,,,596.3,595.5,3.5,1.3,
계,강북구,2020,88989.0,53419.0,28260.0,25158.0,32484.0,3086.0,,0.78,243.1,311569.0,서울시,305460.0,268679.0,88989.0,53419.0,,,702.0,29.0,215768.0,215232.0,1351.0,458.0,88.0
계,강북구,2021,94407.0,63804.0,40369.0,23436.0,25501.0,2504.0,2597.0,0.85,258.6,302563.0,서울시,360811.0,329745.0,94407.0,63804.0,,,386.0,,266018.0,265940.0,1604.0,519.0,91.4
계,강북구,2022,89627.0,61272.0,38208.0,23065.0,24914.0,2157.0,1284.0,0.83,245.6,297702.0,서울시,269837.0,241345.0,89627.0,61272.0,,,666.0,666.0,179543.0,179407.0,1616.0,502.0,89.4
계,강북구,2023,88886.0,62128.0,40003.0,22125.0,24499.0,2223.0,35.0,0.83,243.5,292977.0,서울시,211964.0,184974.0,88886.0,62128.0,,,412.0,192.0,122666.0,122655.0,1492.0,578.0,87.3
계,강북구,2024,83607.0,57254.0,35218.0,22037.0,24101.0,2252.0,,0.79,228.4,289374.0,서울시,247351.0,220965.0,83607.0,57254.0,,,45.0,45.0,163698.0,163666.0,1760.0,912.0,89.3
계,강서구,2000,532.6,256.0,215.0,41.0,6.1,270.5,,,,,서울시,,1182.0,,249.0,,,,35.0,,898.0,,,
계,강서구,2001,567.5,287.3,240.2,47.1,10.8,269.4,,,,,서울시,,3436.0,,287.0,,,,21.0,,3127.0,,,
계,강서구,2002,560.3,295.7,248.3,47.4,7.4,257.2,,,,,서울시,,3737.0,,296.0,,,,14.0,,3427.0,,,
계,강서구,2003,594.0,357.6,279.1,78.5,12.3,224.1,,,,,서울시,,1172.0,,358.0,,,,127.0,,688.0,,,
계,강서구,2004,510.4,299.5,186.5,113.0,11.9,199.0,,,,,서울시,,2437.0,,188.0,,112.0,,77.0,,2061.0,,4.0,
계,강서구,2005,507.6,338.3,164.5,173.8,15.7,153.6,,,,,서울시,,1583.0,,164.0,,174.0,,209.0,,1036.0,,3.0,
계,강서구,2006,444.5,283.3,94.6,188.7,12.5,148.7,,,,,서울시,,3487.0,,173.0,,189.0,,9.0,,3117.0,,2.0,
계,강서구,2007,537.8,339.2,148.5,190.7,94.8,103.8,,,,,서울시,,1756.0,,148.0,,191.0,,164.0,,1253.0,,3.0,
계,강서구,2008,520.5,378.3,173.3,205.0,88.6,53.6,,,,,서울시,,1920.0,,173.0,,205.0,,276.0,,1265.0,,3.0,
계,강서구,2009,570.9,449.7,237.2,212.5,60.4,60.8,,0.99,570.9,579196.0,서울시,,1595.0,,237.0,,213.0,,253.0,,892.0,,2.0,
계,강서구,2010,671.4,450.0,235.3,214.7,77.2,144.2,,1.16,671.4,580506.0,서울시,3354.0,2434.1,456.7,235.3,214.7,214.7,753.1,118.3,1929.5,1865.8,9.9,2.8,
계,강서구,2011,429.8,316.1,112.1,204.0,91.2,22.5,,0.75,429.8,575846.0,서울시,4880.2,3596.3,225.7,112.0,204.1,204.1,695.6,25.3,3754.8,3254.9,16.1,7.5,
계,강서구,2012,399.1,286.1,86.5,199.6,96.8,16.2,,0.7,399.1,573794.0,서울시,3737.5,2236.8,199.5,86.5,199.6,199.6,772.3,212.0,2566.1,1738.7,7.1,2.2,
계,강서구,2013,370.2,242.7,81.6,161.1,103.6,23.9,,0.64,370.2,575236.0,서울시,3174.1,2144.3,199.5,81.6,170.7,161.1,726.5,250.5,2077.4,1651.1,8.8,1.5,
계,강서구,2014,436.8,305.4,135.3,170.1,102.3,29.1,,0.74,436.8,591653.0,서울시,3225.7,2401.7,266.7,135.3,170.1,170.1,643.8,126.8,2145.1,1969.5,7.9,2.9,
계,강서구,2015,434.2,306.7,127.9,178.8,104.3,23.2,,0.73,434.2,595691.0,서울시,3970.2,2606.8,255.4,127.9,178.8,178.8,674.7,126.0,2861.3,2174.1,7.2,2.2,
계,강서구,2016,425.3,290.8,110.9,179.9,112.2,22.3,,0.71,425.3,602104.0,서울시,3846.3,2759.0,245.4,110.9,179.9,179.9,658.0,120.8,2763.0,2347.4,8.5,2.1,
계,강서구,2017,463.7,329.4,160.9,168.5,106.4,27.9,,0.76,463.7,608255.0,서울시,3897.1,2882.9,295.2,160.9,168.5,168.5,712.3,121.7,2721.1,2431.8,8.2,2.1,
계,강서구,2018,480.0,336.4,173.3,163.1,115.7,27.9,,0.8,480.0,603611.0,서울시,3779.2,2774.9,316.9,173.3,163.1,163.1,687.9,135.7,2611.3,2302.8,12.6,4.6,
계,강서구,2019,599.4,446.2,286.0,160.2,115.5,35.7,2.0,1.0,599.4,598273.0,서울시,2938.2,2210.5,434.4,281.2,165.0,165.0,515.0,55.4,1823.8,1708.9,11.3,3.3,
계,강서구,2020,192797.0,133861.0,81134.0,52728.0,37921.0,20583.0,431.0,0.9,526.8,585901.0,서울시,1799251.0,1330417.0,192797.0,133861.0,,,300172.0,37894.0,1306283.0,1158663.0,4692.0,1180.0,73.9
계,강서구,2021,751795.0,212856.0,165418.0,47438.0,38987.0,229973.0,269979.0,3.55,2059.7,579768.0,서울시,1805962.0,1029615.0,751795.0,212856.0,,,283001.0,49136.0,771167.0,767623.0,5052.0,1267.0,57.0
계,강서구,2022,585756.0,274273.0,228116.0,46157.0,46052.0,22085.0,243346.0,2.79,1604.8,574638.0,서울시,1707507.0,1225583.0,585756.0,274273.0,,,245427.0,75159.0,876324.0,876151.0,5221.0,1398.0,71.8
계,강서구,2023,490315.0,221810.0,178033.0,43777.0,48403.0,15035.0,205068.0,2.36,1343.3,568826.0,서울시,1737168.0,1229541.0,490315.0,221810.0,,,355548.0,117035.0,891305.0,890697.0,5157.0,1161.0,70.8
계,강서구,2024,590910.0,270188.0,225445.0,44743.0,50371.0,14385.0,255967.0,2.87,1614.5,562194.0,서울시,1851172.0,1254984.0,590910.0,270188.0,,,394974.0,120157.0,865288.0,864639.0,6893.0,1979.0,67.8
계,관악구,2000,449.0,165.5,130.0,35.5,6.2,277.3,,,,,서울시,,294.0,,166.0,,,,,,128.0,,,
계,관악구,2001,501.2,172.9,134.1,38.8,8.4,319.9,,,,,서울시,,366.0,,173.0,,,,,,193.0,,,
계,관악구,2002,520.6,216.6,180.1,36.5,9.0,295.0,,,,,서울시,,810.0,,217.0,,,,,,593.0,,,
계,관악구,2003,563.1,280.3,238.3,42.0,12.5,270.3,,,,,서울시,,600.0,,280.0,,,,,,320.0,,,
계,관악구,2004,583.4,337.2,234.2,103.0,9.9,236.3,,,,,서울시,,772.0,,247.0,,90.0,,,,435.0,,3.0,
계,관악구,2005,551.0,362.2,244.4,117.8,15.6,173.2,,,,,서울시,,796.0,,244.0,,118.0,,,,434.0,,2.0,
계,관악구,2006,581.7,380.0,249.8,130.3,5.7,196.0,,,,,서울시,,1016.0,,257.0,,130.0,,3.0,,626.0,,1.0,
계,관악구,2007,569.3,387.2,253.4,133.8,13.5,168.6,,,,,서울시,,1049.0,,253.0,,134.0,,,,662.0,,3.0,
계,관악구,2008,540.3,385.4,256.7,128.7,8.0,146.9,,,,,서울시,,1082.0,,257.0,,129.0,,,,696.0,,1.0,
계,관악구,2009,474.4,326.0,199.9,126.1,7.0,141.4,,0.87,474.4,547311.0,서울시,,1338.0,,200.0,,126.0,,2.0,,1010.0,,2.0,
계,관악구,2010,340.0,163.0,35.0,128.0,21.0,156.0,,0.62,340.0,549736.0,서울시,1252.9,1052.9,212.0,35.0,128.0,128.0,16.0,,896.9,889.9,5.9,2.5,
계,관악구,2011,321.0,157.4,36.8,120.6,7.6,156.0,,0.59,321.0,546350.0,서울시,1128.6,959.1,225.9,62.3,95.1,95.1,,,807.6,801.7,4.6,1.3,
계,관악구,2012,317.6,187.5,65.9,121.6,21.0,109.1,,0.59,317.6,540520.0,서울시,1201.4,1060.8,196.0,65.9,121.6,121.6,2.9,2.9,880.9,870.4,6.3,2.6,
계,관악구,2013,315.5,179.9,64.5,115.4,26.8,108.8,,0.59,315.5,535128.0,서울시,1169.2,1024.1,200.1,64.5,115.4,115.4,2.4,2.4,851.3,841.8,7.3,3.2,
계,관악구,2014,354.3,218.2,99.1,119.1,31.9,104.2,,0.67,354.3,531960.0,서울시,1112.8,969.4,235.2,99.1,119.1,119.1,3.5,3.5,755.0,747.7,6.5,1.8,
계,관악구,2015,337.9,209.7,92.9,116.8,30.1,98.1,,0.64,337.9,529031.0,서울시,1319.5,1185.9,221.1,92.9,116.8,116.8,18.6,18.6,963.0,957.6,8.2,2.9,
계,관악구,2016,339.7,212.9,97.6,115.3,55.1,71.7,,0.65,339.7,525607.0,서울시,1523.3,1391.0,224.4,97.6,115.3,115.3,0.7,0.7,1182.9,1177.4,9.7,4.3,
계,관악구,2017,361.8,231.4,121.2,110.2,66.6,63.8,,0.69,361.8,520929.0,서울시,1422.8,1282.3,251.6,121.2,110.2,110.2,0.1,,1060.9,1050.9,7.5,2.9,
계,관악구,2018,436.8,315.9,205.6,110.3,36.7,84.2,,0.84,436.8,520040.0,서울시,1506.9,1377.6,326.5,205.6,110.3,110.3,1.3,1.3,1068.8,1060.4,7.8,2.9,
계,관악구,2019,434.7,313.2,221.9,91.3,37.7,83.7,0.1,0.84,434.7,517334.0,서울시,1658.6,1530.2,329.1,207.6,105.6,105.6,0.4,0.4,1223.5,1216.6,7.9,3.0,
계,관악구,2020,146977.0,103521.0,69067.0,34454.0,11177.0,32279.0,,0.79,401.6,509803.0,서울시,594421.0,550115.0,146977.0,103521.0,,,355.0,299.0,447090.0,446296.0,2654.0,1140.0,92.5
계,관악구,2021,146143.0,87868.0,54392.0,33476.0,40409.0,17867.0,,0.8,400.4,499449.0,서울시,631167.0,572074.0,146143.0,87868.0,,,12576.0,12565.0,472448.0,471641.0,3081.0,1197.0,90.6
계,관악구,2022,161574.0,109513.0,75883.0,33630.0,32082.0,19980.0,,0.88,442.7,501226.0,서울시,489967.0,437884.0,161574.0,109513.0,,,230.0,230.0,328164.0,328142.0,3025.0,1027.0,89.4
계,관악구,2023,146875.0,97385.0,65990.0,31395.0,31360.0,18067.0,63.0,0.81,402.4,497883.0,서울시,398470.0,348919.0,146875.0,97385.0,,,857.0,846.0,250737.0,250688.0,2818.0,855.0,87.6
계,관악구,2024,149864.0,111384.0,80526.0,30858.0,24650.0,13830.0,,0.83,409.5,495620.0,서울시,345294.0,306716.0,149864.0,111384.0,,,749.0,708.0,194682.0,194624.0,2793.0,864.0,88.8
계,광진구,2000,352.8,155.0,113.0,42.0,5.1,192.7,,,,,서울시,,346.0,,158.0,,,,34.0,,154.0,,,
계,광진구,2001,356.8,132.6,86.9,45.7,5.6,218.6,,,,,서울시,,1115.0,,133.0,,,,57.0,,926.0,,,
계,광진구,2002,475.0,247.6,202.3,45.3,7.6,219.8,,,,,서울시,,1203.0,,248.0,,,,58.0,,898.0,,,
계,광진구,2003,465.1,285.4,229.1,56.3,8.9,170.8,,,,,서울시,,1314.0,,285.0,,,,41.0,,988.0,,,
계,광진구,2004,470.6,304.7,231.7,73.0,8.1,157.8,,,,,서울시,,658.0,,238.0,,67.0,,51.0,,303.0,,2.0,
계,광진구,2005,410.4,302.5,198.2,104.3,9.6,98.3,,,,,서울시,,995.0,,198.0,,104.0,,42.0,,651.0,,2.0,
계,광진구,2006,437.6,308.2,204.7,103.5,13.6,115.8,,,,,서울시,,1104.0,,151.0,,104.0,,5.0,,844.0,,2.0,
계,광진구,2007,357.2,226.4,131.0,95.4,41.6,89.2,,,,,서울시,,736.0,,131.0,,95.0,,59.0,,451.0,,2.0,
계,광진구,2008,376.3,246.4,151.3,95.1,89.4,40.5,,,,,서울시,,943.0,,151.0,,95.0,,47.0,,650.0,,1.0,
계,광진구,2009,382.7,278.3,178.8,99.5,89.0,15.4,,0.99,382.7,386513.0,서울시,,833.0,,179.0,,100.0,,52.0,,503.0,,2.0,
계,광진구,2010,392.3,288.6,188.5,100.1,76.0,27.7,,1.01,392.3,388775.0,서울시,1145.9,1038.5,292.2,188.5,100.1,100.1,41.1,41.1,712.5,708.8,5.6,2.2,
계,광진구,2011,365.2,270.5,165.6,104.9,64.0,30.7,,0.94,365.2,386673.0,서울시,1184.3,1087.0,260.4,165.7,104.8,104.8,39.4,39.4,779.7,777.1,8.1,3.7,
계,광진구,2012,368.5,276.6,163.7,112.9,68.6,23.3,,0.96,368.5,384269.0,서울시,1037.8,940.2,255.6,163.7,112.9,112.9,15.1,15.1,654.2,648.5,5.5,1.7,
계,광진구,2013,379.3,285.8,186.9,98.9,66.3,27.2,,0.99,379.3,381439.0,서울시,1023.0,925.3,280.4,186.9,98.9,98.9,14.0,14.0,629.7,625.5,5.1,1.6,
계,광진구,2014,348.9,254.6,150.1,104.5,60.2,34.1,,0.92,348.9,377375.0,서울시,1099.4,997.2,244.4,150.1,104.5,104.5,11.6,11.6,738.9,731.0,5.8,1.8,
계,광진구,2015,339.4,250.4,146.2,104.2,61.4,27.6,,0.9,339.4,375180.0,서울시,1719.8,1622.0,235.2,146.2,104.2,104.2,13.2,13.2,1367.2,1358.4,6.5,2.1,
계,광진구,2016,326.3,240.8,138.2,102.6,64.1,21.4,,0.88,326.3,372104.0,서울시,1457.4,1363.8,223.7,138.2,102.6,102.6,24.1,24.1,1107.0,1098.9,6.8,2.0,
계,광진구,2017,319.2,239.3,140.2,99.1,61.6,18.3,,0.86,319.2,372298.0,서울시,1090.9,1002.8,220.1,140.2,99.1,99.1,22.3,22.2,749.4,741.3,6.2,1.4,
계,광진구,2018,342.5,263.3,168.2,95.1,57.5,21.7,,0.92,342.5,371063.0,서울시,1250.8,1164.8,247.4,168.2,95.1,95.1,20.1,20.0,888.2,881.5,7.3,1.9,
계,광진구,2019,333.9,253.2,158.7,94.5,59.1,21.2,0.4,0.91,333.9,366972.0,서울시,1373.2,1289.3,241.2,160.5,92.7,92.7,26.5,26.4,1012.8,1009.7,6.2,1.1,
계,광진구,2020,125579.0,87415.0,55637.0,31778.0,30325.0,7823.0,15.0,0.95,343.1,360109.0,서울시,577749.0,536415.0,125579.0,87415.0,,,12796.0,12629.0,439375.0,436370.0,2310.0,525.0,92.8
계,광진구,2021,91428.0,62681.0,32505.0,30176.0,18288.0,10459.0,,0.71,250.5,352627.0,서울시,441364.0,411748.0,91428.0,62681.0,,,2458.0,2352.0,347478.0,346716.0,2742.0,693.0,93.3
계,광진구,2022,120644.0,95246.0,64919.0,30328.0,16497.0,8595.0,306.0,0.94,330.5,351252.0,서울시,346006.0,320483.0,120644.0,95246.0,,,2278.0,2214.0,223084.0,223023.0,2775.0,549.0,92.6
계,광진구,2023,104709.0,67412.0,36984.0,30428.0,29242.0,8048.0,8.0,0.82,286.9,351180.0,서울시,219608.0,182281.0,104709.0,67412.0,,,2011.0,1994.0,112888.0,112875.0,2412.0,556.0,83.0
계,광진구,2024,107234.0,71082.0,41987.0,29096.0,27968.0,8176.0,8.0,0.84,293.0,348652.0,서울시,263852.0,227069.0,107234.0,71082.0,,,1264.0,646.0,155354.0,155341.0,2216.0,483.0,86.1
계,구로구,2000,351.7,168.0,112.0,56.0,41.3,142.4,,,,,서울시,,402.0,,182.0,,,,,,220.0,,,
계,구로구,2001,405.2,215.5,142.6,72.9,119.0,70.7,,,,,서울시,,719.0,,216.0,,,,4.0,,499.0,,,
계,구로구,2002,425.9,232.1,163.0,69.1,103.1,90.7,,,,,서울시,,510.0,,232.0,,,,2.0,,275.0,,,
계,구로구,2003,444.2,259.4,175.7,83.7,111.8,73.0,,,,,서울시,,489.0,,259.0,,,,5.0,,225.0,,,
계,구로구,2004,385.9,227.5,142.5,85.0,112.3,46.1,,,,,서울시,,393.0,,143.0,,85.0,,2.0,,163.0,,21.0,
계,구로구,2005,416.6,246.1,146.1,100.0,123.3,47.2,,,,,서울시,,1104.0,,146.0,,100.0,,8.0,,850.0,,3.0,
계,구로구,2006,440.3,280.3,170.9,109.4,133.8,26.2,,,,,서울시,,1362.0,,181.0,,109.0,,5.0,,1067.0,,2.0,
계,구로구,2007,435.7,282.6,173.0,109.6,128.4,24.7,,,,,서울시,,1565.0,,173.0,,110.0,,3.0,,1279.0,,4.0,
계,구로구,2008,441.8,295.4,181.0,114.4,128.5,17.9,,,,,서울시,,1147.0,,181.0,,114.0,,5.0,,846.0,,3.0,
계,구로구,2009,430.1,290.6,178.8,111.8,129.6,9.9,,0.96,430.1,449613.0,서울시,,1345.0,,179.0,,112.0,,5.0,,1049.0,,2.0,
계,구로구,2010,308.1,170.1,62.1,108.0,129.0,9.0,,0.68,308.1,452667.0,서울시,1277.0,1097.3,200.1,62.1,108.0,108.0,6.7,5.4,962.2,921.8,8.7,2.0,
계,구로구,2011,276.7,139.0,33.0,106.0,119.0,18.7,,0.6,276.7,458908.0,서울시,1647.0,1481.9,170.7,33.0,106.0,106.0,5.4,4.3,1364.9,1338.6,6.0,2.1,
계,구로구,2012,285.7,152.4,38.8,113.6,128.8,4.5,,0.63,285.7,454478.0,서울시,1197.8,1006.2,172.1,38.8,113.6,113.6,4.7,3.5,907.4,850.3,8.6,2.8,
계,구로구,2013,278.5,139.7,31.0,108.7,122.3,16.5,,0.62,278.5,452168.0,서울시,974.0,759.0,169.8,31.0,108.7,108.7,4.6,3.4,690.9,615.9,7.0,2.3,
계,구로구,2014,322.5,186.9,70.3,116.6,118.3,17.3,,0.71,322.5,457131.0,서울시,1002.1,790.3,205.9,70.3,116.6,116.6,4.8,3.6,674.8,599.8,12.8,3.3,
계,구로구,2015,314.7,176.4,64.2,112.2,114.3,24.0,,0.69,314.7,454604.0,서울시,1175.7,951.7,202.5,64.2,112.2,112.2,5.0,3.7,856.0,771.6,13.9,3.6,
계,구로구,2016,318.2,177.2,64.3,112.9,107.4,33.6,,0.71,318.2,449600.0,서울시,1445.2,1235.9,205.3,64.3,112.9,112.9,4.9,1.3,1122.1,1057.4,14.7,3.4,
계,구로구,2017,310.8,174.5,72.2,102.3,107.7,28.6,,0.7,310.8,441559.0,서울시,1454.2,1250.5,208.5,72.2,102.3,102.3,4.2,1.4,1139.2,1074.6,8.2,2.0,
계,구로구,2018,319.4,172.8,76.0,96.8,119.6,27.0,,0.73,319.4,438486.0,서울시,1423.5,1210.2,222.6,76.0,96.8,96.8,3.8,1.3,1100.3,1036.1,9.7,2.3,
계,구로구,2019,326.5,171.0,74.1,96.9,124.5,30.9,0.1,0.74,326.5,439371.0,서울시,1324.8,1109.2,231.9,76.4,94.6,94.6,3.6,3.2,994.7,935.0,8.6,2.2,
계,구로구,2020,120646.0,63150.0,33108.0,30042.0,39947.0,17541.0,8.0,0.76,329.6,432488.0,서울시,464794.0,394853.0,120646.0,63150.0,,,749.0,618.0,343400.0,331085.0,3141.0,909.0,85.0
계,구로구,2021,136224.0,76846.0,46994.0,29852.0,40405.0,18687.0,287.0,0.89,373.2,421163.0,서울시,443574.0,363386.0,136224.0,76846.0,,,980.0,867.0,306369.0,285674.0,3901.0,1112.0,81.9
계,구로구,2022,134033.0,80101.0,51349.0,28752.0,37846.0,15879.0,208.0,0.88,367.2,418418.0,서울시,509276.0,455054.0,134033.0,80101.0,,,1581.0,1493.0,373662.0,373460.0,3636.0,1089.0,89.4
계,구로구,2023,171610.0,119509.0,91264.0,28245.0,39364.0,12648.0,89.0,1.13,470.2,415651.0,서울시,442207.0,389916.0,171610.0,119509.0,,,1504.0,1371.0,269093.0,269036.0,3443.0,979.0,88.2
계,구로구,2024,122831.0,71343.0,43017.0,28325.0,44102.0,7011.0,375.0,0.81,335.6,411916.0,서울시,298919.0,243815.0,122831.0,71343.0,,,4102.0,734.0,171986.0,171739.0,3490.0,1159.0,81.6
계,금천구,2000,321.7,162.7,133.0,29.7,5.5,153.5,,,,,서울시,,479.0,,153.0,,,,3.0,,323.0,,,
계,금천구,2001,365.4,204.7,155.0,49.7,8.3,152.4,,,,,서울시,,498.0,,205.0,,,,3.0,,290.0,,,
계,금천구,2002,342.8,188.5,145.6,42.9,8.6,145.7,,,,,서울시,,402.0,,189.0,,,,2.0,,212.0,,,
계,금천구,2003,342.0,199.5,146.6,52.9,10.4,132.1,,,,,서울시,,939.0,,200.0,,,,2.0,,738.0,,,
계,금천구,2004,324.7,192.0,139.7,52.3,5.9,126.8,,,,,서울시,,314.0,,146.0,,46.0,,2.0,,120.0,,4.0,
계,금천구,2005,312.7,207.1,142.3,64.8,5.1,100.5,,,,,서울시,,1032.0,,142.0,,65.0,,3.0,,822.0,,4.0,
계,금천구,2006,302.1,193.8,127.6,66.2,9.0,99.3,,,,,서울시,,436.0,,55.0,,66.0,,2.0,,312.0,,3.0,
계,금천구,2007,316.8,200.9,128.8,72.1,22.1,93.8,,,,,서울시,,1226.0,,129.0,,72.0,,6.0,,1019.0,,4.0,
계,금천구,2008,222.3,133.6,55.2,78.4,4.5,84.2,,,,,서울시,,1665.0,,55.0,,78.0,,4.0,,1528.0,,3.0,
계,금천구,2009,272.8,192.0,112.9,79.1,6.0,74.8,,1.04,272.8,263116.0,서울시,,861.0,,113.0,,79.0,,4.0,,665.0,,9.0,
계,금천구,2010,196.7,136.5,56.4,80.1,5.6,54.6,,0.74,196.7,264544.0,서울시,707.2,586.4,116.6,56.4,80.1,80.1,10.7,4.6,499.8,445.3,9.0,5.0,
계,금천구,2011,221.2,128.1,48.3,79.8,6.7,86.4,,0.84,221.2,264256.0,서울시,956.9,780.1,139.7,46.6,81.5,81.5,6.7,2.4,729.0,649.6,20.2,12.7,
계,금천구,2012,223.5,137.2,61.8,75.4,14.2,72.1,,0.86,223.5,260734.0,서울시,839.7,644.3,148.1,61.8,75.4,75.4,1.6,0.9,614.6,506.2,9.3,4.0,
계,금천구,2013,180.2,99.0,31.2,67.8,8.1,73.1,,0.7,180.2,258254.0,서울시,749.8,615.8,112.4,31.2,67.8,67.8,1.6,0.8,568.0,516.0,10.2,5.8,
계,금천구,2014,250.6,166.5,98.1,68.4,7.7,76.4,,0.97,250.6,258030.0,서울시,808.8,671.7,182.2,98.1,68.4,68.4,1.8,0.9,556.4,504.3,9.6,5.4,
계,금천구,2015,240.1,171.5,105.7,65.8,0.7,67.9,,0.94,240.1,256167.0,서울시,889.3,713.3,174.3,105.7,65.8,65.8,0.9,0.5,648.3,541.3,10.1,5.2,
계,금천구,2016,239.6,170.0,105.3,64.7,0.8,68.8,,0.94,239.6,254654.0,서울시,1194.3,1052.6,174.9,105.3,64.7,64.7,0.9,0.5,953.8,882.1,9.7,5.0,
계,금천구,2017,241.8,170.0,110.4,59.6,0.8,71.0,,0.95,241.8,253491.0,서울시,1420.9,1276.0,182.2,110.4,59.6,59.6,3.7,2.9,1175.4,1103.1,9.1,3.4,
계,금천구,2018,248.8,175.2,116.2,59.0,1.3,72.3,,0.98,248.8,254021.0,서울시,1399.2,1258.6,189.8,116.2,59.0,59.0,0.7,0.3,1149.7,1083.1,6.3,2.2,
계,금천구,2019,286.7,198.0,135.5,62.5,0.1,88.6,,1.14,286.7,251820.0,서울시,1931.2,1796.7,227.6,138.9,59.1,59.1,2.1,0.8,1642.4,1597.9,5.7,1.8,
계,금천구,2020,100451.0,69075.0,48929.0,20146.0,5749.0,24736.0,891.0,1.11,274.5,247835.0,서울시,1386371.0,1329639.0,100451.0,69075.0,,,3226.0,2662.0,1282695.0,1257902.0,2514.0,995.0,95.9
계,금천구,2021,98645.0,62226.0,41962.0,20265.0,11718.0,24175.0,525.0,1.1,270.3,244891.0,서울시,491736.0,439256.0,98645.0,62226.0,,,447.0,142.0,392645.0,376888.0,2595.0,1037.0,89.3
계,금천구,2022,99931.0,65228.0,45141.0,20087.0,11294.0,22984.0,425.0,1.13,273.8,242818.0,서울시,416510.0,381317.0,99931.0,65228.0,,,1291.0,897.0,315288.0,315193.0,2873.0,1220.0,91.6
계,금천구,2023,101244.0,64988.0,45608.0,19380.0,11071.0,21475.0,3710.0,1.15,277.4,241105.0,서울시,364034.0,327268.0,101244.0,64988.0,,,858.0,361.0,261932.0,261919.0,2818.0,1011.0,89.9
계,금천구,2024,96694.0,64032.0,44733.0,19299.0,10564.0,21528.0,570.0,1.11,264.2,239070.0,서울시,222620.0,189467.0,96694.0,64032.0,,,3077.0,2620.0,122849.0,122816.0,2969.0,1157.0,85.1
계,노원구,2000,489.1,232.7,160.0,72.7,245.0,11.4,,,,,서울시,,573.0,,214.0,,,,,,359.0,,,
계,노원구,2001,484.4,252.1,147.7,104.4,219.5,12.8,,,,,서울시,,609.0,,252.0,,,,,,357.0,,,
계,노원구,2002,489.4,288.3,160.4,127.9,184.8,16.3,,,,,서울시,,835.0,,288.0,,,,,,547.0,,,
계,노원구,2003,489.8,303.1,158.3,144.8,168.9,17.8,,,,,서울시,,466.0,,303.0,,,,,,163.0,,,
계,노원구,2004,473.4,305.3,156.6,148.7,162.7,5.4,,,,,서울시,,1828.0,,157.0,,149.0,,,,1523.0,,5.0,
계,노원구,2005,451.8,293.8,138.5,155.3,155.2,2.8,,,,,서울시,,790.0,,139.0,,155.0,,,,496.0,,4.0,
계,노원구,2006,449.5,295.5,138.2,157.3,150.9,3.1,,,,,서울시,,1488.0,,105.0,,157.0,,,,1226.0,,3.0,
계,노원구,2007,441.4,287.1,122.5,164.6,147.6,6.7,,,,,서울시,,818.0,,122.0,,165.0,,,,531.0,,3.0,
계,노원구,2008,420.2,272.3,104.6,167.7,118.6,29.3,,,,,서울시,,689.0,,105.0,,168.0,,,,416.0,,2.0,
계,노원구,2009,541.2,345.4,179.8,165.6,127.0,68.8,,0.88,541.2,615161.0,서울시,,729.0,,180.0,,166.0,,,,384.0,,2.0,
계,노원구,2010,452.9,290.1,130.1,160.0,117.4,45.4,,0.74,452.9,615425.0,서울시,1210.7,979.7,292.9,130.1,160.0,160.0,74.7,11.6,683.1,678.0,8.1,2.8,
계,노원구,2011,303.7,182.8,18.0,164.8,119.9,1.0,,0.5,303.7,608062.0,서울시,977.2,787.7,137.6,16.7,166.1,166.1,61.6,,611.9,604.9,8.3,2.7,
계,노원구,2012,307.9,187.3,21.6,165.7,120.1,0.5,,0.51,307.9,600829.0,서울시,894.8,767.3,142.2,21.6,165.7,165.7,,,586.9,580.0,17.6,3.1,
계,노원구,2013,302.4,183.1,19.8,163.3,115.3,4.0,,0.51,302.4,594027.0,서울시,1098.2,898.4,139.1,19.8,163.3,163.3,76.7,,719.1,715.3,18.9,2.9,
계,노원구,2014,356.4,237.0,67.2,169.8,108.4,11.0,,0.61,356.4,586056.0,서울시,1192.2,998.5,186.6,67.2,169.8,169.8,71.1,0.2,764.7,761.3,17.7,2.3,
계,노원구,2015,464.2,351.0,188.2,162.8,106.2,7.0,,0.8,464.2,578221.0,서울시,1095.1,902.8,301.4,188.2,162.8,162.8,76.8,0.2,554.1,551.6,18.7,3.4,
계,노원구,2016,455.1,335.7,177.7,158.0,112.6,6.8,,0.8,455.1,571212.0,서울시,1202.2,989.1,297.1,177.7,158.0,158.0,90.0,0.3,657.1,653.1,18.0,3.5,
계,노원구,2017,416.7,309.0,170.3,138.7,101.2,6.5,,0.75,416.7,558075.0,서울시,1640.2,1444.6,278.0,170.3,138.7,138.7,82.6,,1140.9,1135.6,16.5,2.0,
계,노원구,2018,467.2,360.2,228.3,131.9,102.3,4.7,,0.85,467.2,548160.0,서울시,1725.8,1533.6,335.3,228.3,131.9,131.9,136.0,54.0,1122.6,1119.4,18.1,1.8,
계,노원구,2019,317.3,207.4,82.4,125.0,104.6,3.9,1.4,0.59,317.3,537303.0,서울시,1575.4,1364.8,188.6,78.7,128.7,128.7,99.3,2.4,1158.8,1155.0,16.1,2.0,
계,노원구,2020,144500.0,102566.0,59548.0,43018.0,39196.0,1926.0,813.0,0.75,394.8,527032.0,서울시,399687.0,330209.0,144500.0,102566.0,,,26478.0,375.0,228709.0,227268.0,5946.0,729.0,82.6
계,노원구,2021,135900.0,95590.0,53368.0,42222.0,36352.0,3854.0,104.0,0.72,372.3,514946.0,서울시,392900.0,326057.0,135900.0,95590.0,,,27013.0,1088.0,229987.0,229380.0,5808.0,744.0,83.0
계,노원구,2022,145778.0,106889.0,64645.0,42244.0,35346.0,3490.0,53.0,0.79,399.4,508014.0,서울시,558725.0,495693.0,145778.0,106889.0,,,24876.0,969.0,388071.0,387836.0,4716.0,692.0,88.7
계,노원구,2023,140139.0,102671.0,62070.0,40600.0,33276.0,3815.0,377.0,0.76,383.9,502925.0,서울시,485244.0,420832.0,140139.0,102671.0,,,38244.0,11579.0,306861.0,306582.0,2998.0,753.0,86.7
계,노원구,2024,150001.0,96090.0,55535.0,40555.0,41725.0,1856.0,10329.0,0.83,409.8,496552.0,서울시,359945.0,280795.0,150001.0,96090.0,,,26136.0,1017.0,183808.0,183688.0,3058.0,768.0,78.0
계,도봉구,2000,351.9,205.2,158.0,47.2,,146.7,,,,,서울시,,966.0,,209.0,,,,,,757.0,,,
계,도봉구,2001,298.1,146.8,106.9,39.9,,151.3,,,,,서울시,,1687.0,,147.0,,,,,,1540.0,,,
계,도봉구,2002,257.2,101.7,60.4,41.3,,155.5,,,,,서울시,,588.0,,102.0,,,,,,486.0,,,
계,도봉구,2003,286.8,128.5,79.4,49.1,,158.3,,,,,서울시,,1010.0,,129.0,,,,,,882.0,,,
계,도봉구,2004,242.0,125.3,53.0,72.3,,116.7,,,,,서울시,,503.0,,55.0,,70.0,,,,378.0,,3.0,
계,도봉구,2005,229.9,140.7,54.0,86.7,,89.2,,,,,서울시,,393.0,,54.0,,87.0,,,,252.0,,4.0,
계,도봉구,2006,416.1,323.4,218.8,104.6,5.2,87.5,,,,,서울시,,553.0,,211.0,,105.0,,,,237.0,,3.0,
계,도봉구,2007,412.5,322.8,224.2,98.6,28.2,61.5,,,,,서울시,,510.0,,224.0,,99.0,,,,187.0,,4.0,
계,도봉구,2008,398.0,311.4,210.6,100.8,48.9,37.7,,,,,서울시,,625.0,,211.0,,101.0,,,,313.0,,5.0,
계,도봉구,2009,307.4,233.5,131.6,101.9,54.3,19.6,,0.83,307.4,372398.0,서울시,,561.0,,132.0,,102.0,,,,327.0,,2.0,
계,도봉구,2010,400.6,325.7,227.3,98.4,59.7,15.2,,1.08,400.6,370734.0,서울시,839.4,763.5,302.2,227.3,98.4,98.4,,,438.8,437.8,5.0,2.0,
계,도봉구,2011,404.3,328.2,234.3,93.9,64.0,12.1,,1.1,404.3,367949.0,서울시,761.8,682.2,309.4,233.3,94.9,94.9,,,357.5,354.0,4.7,1.8,
계,도봉구,2012,400.4,326.9,231.9,95.0,64.2,9.3,,1.1,400.4,364454.0,서울시,681.2,605.8,305.4,231.9,95.0,95.0,,,280.8,278.9,4.9,1.7,
계,도봉구,2013,386.2,318.5,226.8,91.7,58.6,9.1,,1.07,386.2,360609.0,서울시,673.3,604.4,294.5,226.8,91.7,91.7,,,287.1,285.9,4.2,1.4,
계,도봉구,2014,348.1,279.9,181.8,98.1,55.4,12.8,,0.98,348.1,355712.0,서울시,641.7,573.1,250.0,181.8,98.1,98.1,,,293.6,293.2,5.1,2.2,
계,도봉구,2015,314.7,244.7,147.8,96.9,61.0,9.0,,0.89,314.7,353241.0,서울시,751.9,680.4,217.8,147.8,96.9,96.9,,,437.2,435.7,4.6,1.2,
계,도봉구,2016,315.1,247.0,156.3,90.7,62.4,5.7,,0.9,315.1,350272.0,서울시,745.5,675.3,224.4,156.3,90.7,90.7,,,430.4,428.3,4.7,1.2,
계,도봉구,2017,243.6,172.4,90.1,82.3,64.3,6.9,,0.7,243.6,346234.0,서울시,641.3,542.6,161.3,90.1,82.3,82.3,10.7,1.1,387.0,369.1,4.3,1.1,
계,도봉구,2018,255.7,188.1,109.8,78.3,59.6,8.0,,0.75,255.7,341649.0,서울시,706.9,582.0,177.4,109.8,78.3,78.3,13.0,13.0,438.2,380.9,4.6,1.3,
계,도봉구,2019,345.1,220.7,140.0,80.7,76.0,5.7,42.7,1.03,345.1,335631.0,서울시,802.1,623.2,266.9,142.5,78.2,78.2,0.9,0.8,456.1,401.7,3.7,1.2,
계,도봉구,2020,110126.0,72850.0,46187.0,26663.0,34579.0,2599.0,98.0,0.92,300.9,327361.0,서울시,470991.0,415042.0,110126.0,72850.0,,,29365.0,23200.0,331501.0,318992.0,1426.0,433.0,88.1
계,도봉구,2021,91929.0,53467.0,27155.0,26313.0,35235.0,3095.0,132.0,0.79,251.9,319373.0,서울시,331240.0,292070.0,91929.0,53467.0,,,282.0,265.0,239030.0,238338.0,1476.0,450.0,88.2
계,도봉구,2022,94263.0,70069.0,43989.0,26080.0,20088.0,2597.0,1509.0,0.82,258.3,313989.0,서울시,276204.0,251984.0,94263.0,70069.0,,,1262.0,1253.0,180679.0,180663.0,1449.0,406.0,91.2
계,도봉구,2023,102431.0,58070.0,31074.0,26996.0,36818.0,2605.0,4938.0,0.91,280.6,309494.0,서울시,198114.0,153461.0,102431.0,58070.0,,,453.0,453.0,95230.0,94939.0,1849.0,410.0,77.5
계,도봉구,2024,88094.0,61429.0,37068.0,24361.0,20306.0,2084.0,4276.0,0.79,240.7,306032.0,서울시,551322.0,524656.0,88094.0,61429.0,,,19.0,19.0,463209.0,463209.0,1400.0,467.0,95.2
계,동대문구,2000,462.7,174.7,122.0,52.7,1.4,286.6,,,,,서울시,,717.0,,162.0,,,,,,555.0,,,
계,동대문구,2001,485.7,190.3,116.6,73.7,1.1,294.3,,,,,서울시,,703.0,,190.0,,,,,,513.0,,,
계,동대문구,2002,487.3,186.3,114.9,71.4,1.9,299.1,,,,,서울시,,776.0,,186.0,,,,,,590.0,,,
계,동대문구,2003,512.1,209.4,151.0,58.4,5.6,297.1,,,,,서울시,,1395.0,,209.0,,,,,,1185.0,,,
계,동대문구,2004,552.4,276.4,187.5,88.9,6.4,269.6,,,,,서울시,,1805.0,,203.0,,73.0,,,,1529.0,,4.0,
계,동대문구,2005,523.8,339.5,226.1,113.4,10.2,174.1,,,,,서울시,,1060.0,,227.0,,113.0,,,,720.0,,4.0,
계,동대문구,2006,538.4,363.7,247.9,115.8,10.8,163.9,,,,,서울시,,1046.0,,180.0,,116.0,,,,751.0,,4.0,
계,동대문구,2007,486.8,324.9,211.2,113.7,0.7,161.2,,,,,서울시,,1653.0,,211.0,,114.0,,3.0,,1325.0,,1.0,
계,동대문구,2008,421.7,262.9,179.6,83.3,9.0,149.8,,,,,서울시,,1618.0,,180.0,,83.0,,27.0,,1328.0,,1.0,
계,동대문구,2009,378.1,239.0,148.2,90.8,,139.1,,1.01,378.1,374277.0,서울시,,1627.0,,148.0,,91.0,,0.0,,1388.0,,1.0,
계,동대문구,2010,409.4,279.3,187.9,91.4,,130.1,,1.08,409.4,379343.0,서울시,1240.9,1086.7,318.0,187.9,91.4,91.4,,,831.5,807.4,4.5,0.7,
계,동대문구,2011,444.5,311.2,216.2,95.0,,133.3,,1.17,444.5,378534.0,서울시,1776.9,1627.2,327.9,194.6,116.6,116.6,6.5,,1325.9,1316.0,6.7,2.0,
계,동대문구,2012,400.0,282.8,182.6,100.2,100.9,16.3,,1.06,400.0,375683.0,서울시,874.5,729.3,302.1,184.9,97.9,97.9,6.5,,468.0,446.5,6.6,1.1,
계,동대문구,2013,396.8,279.4,180.8,98.6,103.4,14.0,,1.05,396.8,376445.0,서울시,923.2,790.9,298.2,180.8,98.6,98.6,6.5,,519.9,511.5,7.9,2.3,
계,동대문구,2014,414.7,294.8,189.7,105.1,96.7,23.2,,1.1,414.7,376319.0,서울시,1014.9,874.5,309.6,189.7,105.1,105.1,6.3,,593.9,579.7,9.9,2.4,
계,동대문구,2015,408.3,291.6,185.8,105.8,95.6,21.1,,1.09,408.3,373824.0,서울시,1304.5,1177.6,302.5,185.8,105.8,105.8,6.5,,889.7,886.0,10.8,2.7,
계,동대문구,2016,426.6,311.0,205.6,105.4,95.0,20.6,,1.15,426.6,370312.0,서울시,1564.7,1435.5,321.2,205.6,105.4,105.4,6.5,,1131.6,1124.5,9.6,2.4,
계,동대문구,2017,422.5,310.6,208.8,101.8,93.1,18.8,,1.15,422.5,366011.0,서울시,1560.5,1424.3,320.7,208.8,101.8,101.8,26.1,11.1,1111.9,1102.6,9.6,2.2,
계,동대문구,2018,416.3,305.9,208.3,97.6,89.1,21.3,,1.14,416.3,364338.0,서울시,1658.0,1527.4,318.7,208.3,97.6,97.6,22.6,20.2,1219.1,1201.3,10.6,2.3,
계,동대문구,2019,411.2,298.4,205.6,92.8,93.1,19.5,0.2,1.13,411.2,363023.0,서울시,1357.9,1232.6,313.5,200.7,97.7,97.7,26.1,16.1,920.6,918.1,9.3,2.1,
계,동대문구,2020,161082.0,121098.0,87880.0,33218.0,31697.0,8277.0,10.0,1.23,440.1,357014.0,서울시,1181025.0,1140352.0,161082.0,121098.0,,,9323.0,9298.0,1010620.0,1009956.0,3700.0,814.0,96.6
계,동대문구,2021,116867.0,75504.0,41504.0,34000.0,31695.0,9560.0,109.0,0.91,320.2,352006.0,서울시,667636.0,625221.0,116867.0,75504.0,,,8195.0,8195.0,542574.0,541522.0,3629.0,823.0,93.6
계,동대문구,2022,108075.0,68325.0,37152.0,31174.0,30065.0,9484.0,200.0,0.84,296.1,353601.0,서울시,538762.0,494521.0,108075.0,68325.0,,,14557.0,10071.0,416130.0,416125.0,3246.0,816.0,91.8
계,동대문구,2023,113337.0,72494.0,41190.0,31303.0,31512.0,7144.0,2187.0,0.86,310.5,359873.0,서울시,321878.0,278213.0,113337.0,72494.0,,,11904.0,9148.0,196638.0,196571.0,3303.0,726.0,86.4
계,동대문구,2024,112593.0,73460.0,42239.0,31221.0,33612.0,4632.0,889.0,0.86,307.6,358603.0,서울시,338410.0,297687.0,112593.0,73460.0,,,7696.0,6656.0,218121.0,217571.0,3440.0,881.0,88.0
계,동작구,2000,388.0,166.3,126.0,40.3,4.0,217.7,,,,,서울시,,356.0,,164.0,,,,4.0,,188.0,,,
계,동작구,2001,426.9,184.9,142.0,42.9,2.3,239.7,,,,,서울시,,1587.0,,185.0,,,,4.0,,1398.0,,,
계,동작구,2002,441.1,191.1,152.6,38.5,7.7,242.3,,,,,서울시,,1628.0,,191.0,,,,,,1437.0,,,
계,동작구,2003,419.5,190.8,137.7,53.1,11.9,216.8,,,,,서울시,,1533.0,,191.0,,,,,,1342.0,,,
계,동작구,2004,405.5,219.0,128.6,90.4,10.1,176.4,,,,,서울시,,1139.0,,131.0,,88.0,,,,920.0,,2.0,
계,동작구,2005,362.8,230.0,122.6,107.4,6.4,126.4,,,,,서울시,,1071.0,,123.0,,107.0,,,,841.0,,1.0,
계,동작구,2006,372.6,234.7,127.3,107.4,6.9,131.0,,,,,서울시,,755.0,,102.0,,107.0,,20.0,,526.0,,1.0,
계,동작구,2007,364.3,217.6,102.9,114.7,26.5,120.2,,,,,서울시,,1739.0,,103.0,,115.0,,,,1521.0,,1.0,
계,동작구,2008,400.6,224.3,101.6,122.7,70.6,105.7,,,,,서울시,,1574.0,,102.0,,123.0,,,,1350.0,,2.0,
계,동작구,2009,394.3,255.1,134.5,120.6,81.4,57.8,,0.97,394.3,407973.0,서울시,,1140.0,,135.0,,121.0,,,,885.0,,1.0,
계,동작구,2010,323.1,206.3,120.2,86.1,74.4,42.4,,0.78,323.1,413814.0,서울시,1572.1,1433.5,237.0,120.2,86.1,86.1,0.6,0.6,1248.4,1226.6,6.3,1.4,
계,동작구,2011,327.7,203.7,95.4,108.3,92.5,31.5,,0.79,327.7,413658.0,서울시,1187.5,1041.6,219.4,95.4,108.3,108.3,,,859.8,837.9,11.8,4.5,
계,동작구,2012,337.7,240.8,125.9,114.9,81.2,15.7,,0.81,337.7,416268.0,서울시,923.7,814.3,222.8,125.9,114.9,114.9,,,586.0,573.5,7.3,1.3,
계,동작구,2013,327.5,226.9,120.6,106.3,87.2,13.4,,0.78,327.5,421487.0,서울시,1090.5,981.6,221.2,120.6,106.3,106.3,,,763.0,754.7,8.4,1.9,
계,동작구,2014,339.8,238.9,123.3,115.6,81.0,19.9,,0.81,339.8,419261.0,서울시,1345.5,1234.9,224.2,123.3,115.6,115.6,,,1005.7,996.0,111.0,1.5,
계,동작구,2015,297.9,210.0,103.8,106.2,66.8,21.1,,0.72,297.9,412774.0,서울시,1170.9,1056.0,191.7,103.8,106.2,106.2,,,873.0,846.0,9.2,1.3,
계,동작구,2016,280.5,188.4,89.3,99.1,72.6,19.5,,0.68,280.5,413247.0,서울시,1801.8,1703.7,181.4,89.3,99.1,99.1,,,1521.3,1515.3,12.5,1.8,
계,동작구,2017,269.0,178.3,86.8,91.5,59.8,30.9,,0.66,269.0,408493.0,서울시,1228.5,1116.4,177.5,86.8,91.5,91.5,,,959.5,938.1,10.3,1.4,
계,동작구,2018,290.6,200.1,109.0,91.1,70.3,20.2,,0.71,290.6,409385.0,서울시,1569.0,1462.7,199.5,109.0,91.1,91.1,,,1278.4,1262.6,11.1,1.8,
계,동작구,2019,315.4,224.9,131.9,93.0,67.2,23.3,,0.77,315.4,408912.0,서울시,1503.7,1408.7,222.6,132.1,92.8,92.8,,,1188.3,1183.8,10.6,2.2,
계,동작구,2020,118757.0,86746.0,55512.0,31234.0,24316.0,6850.0,846.0,0.81,324.5,401572.0,서울시,468426.0,433566.0,118757.0,86746.0,,,961.0,932.0,348708.0,345888.0,3509.0,509.0,92.6
계,동작구,2021,108554.0,71943.0,42577.0,29366.0,25098.0,11143.0,371.0,0.75,297.4,394364.0,서울시,370047.0,332920.0,108554.0,71943.0,,,1524.0,1477.0,259969.0,259500.0,3786.0,936.0,90.0
계,동작구,2022,118013.0,77044.0,47526.0,29518.0,26806.0,13606.0,557.0,0.83,323.3,390432.0,서울시,388357.0,347338.0,118013.0,77044.0,,,2165.0,2141.0,268178.0,268154.0,3337.0,661.0,89.4
계,동작구,2023,116719.0,79700.0,50954.0,28746.0,26679.0,9967.0,373.0,0.82,319.8,389714.0,서울시,408834.0,371481.0,116719.0,79700.0,,,572.0,559.0,291544.0,291222.0,3192.0,535.0,90.9
계,동작구,2024,119527.0,80659.0,52048.0,28611.0,27158.0,9166.0,2544.0,0.84,326.6,387352.0,서울시,984321.0,945197.0,119527.0,80659.0,,,2403.0,2387.0,862392.0,862151.0,2762.0,513.0,96.0
계,마포구,2000,438.4,206.0,179.0,27.0,2.1,230.3,,,,,서울시,,856.0,,204.0,,,,,,652.0,,,
계,마포구,2001,437.4,203.7,160.6,43.1,2.3,231.4,,,,,서울시,,878.0,,204.0,,,,,,675.0,,,
계,마포구,2002,437.2,203.9,162.7,41.2,5.1,228.2,,,,,서울시,,897.0,,204.0,,,,0.0,,693.0,,,
계,마포구,2003,461.2,238.7,196.1,42.6,2.9,219.6,,,,,서울시,,1786.0,,239.0,,,,0.0,,1547.0,,,
계,마포구,2004,470.5,255.1,157.9,97.2,15.0,200.4,,,,,서울시,,1274.0,,174.0,,81.0,,,,1019.0,,3.0,
계,마포구,2005,443.6,305.4,207.9,97.5,110.8,27.4,,,,,서울시,,2391.0,,208.0,,97.0,,,,2086.0,,3.0,
계,마포구,2006,431.1,277.4,174.7,102.7,122.0,31.7,,,,,서울시,,1882.0,,145.0,,103.0,,146.0,,1488.0,,3.0,
계,마포구,2007,433.8,281.5,165.5,116.0,123.6,28.7,,,,,서울시,,1866.0,,166.0,,116.0,,109.0,,1475.0,,3.0,
계,마포구,2008,416.7,268.6,145.1,123.5,123.3,24.8,,,,,서울시,,2382.0,,145.0,,124.0,,76.0,,2038.0,,5.0,
계,마포구,2009,413.7,282.8,162.8,120.0,102.8,28.1,,1.05,413.7,392313.0,서울시,,2247.0,,163.0,,120.0,,,,1964.0,,5.0,
계,마포구,2010,303.1,166.1,43.8,122.3,107.6,29.4,,0.76,303.1,400464.0,서울시,1689.9,1517.4,180.8,43.8,122.3,122.3,,,1386.8,1351.3,3.0,0.8,
계,마포구,2011,309.6,175.5,51.2,124.3,112.8,21.3,,0.78,309.6,398627.0,서울시,1549.7,1383.1,185.3,51.2,124.3,124.3,,,1240.1,1207.6,4.5,1.7,
계,마포구,2012,279.6,155.3,32.9,122.4,111.7,12.6,,0.71,279.6,393576.0,서울시,2146.5,1984.4,164.2,39.9,115.4,115.4,88.7,78.6,1778.2,1750.5,25.8,3.4,
계,마포구,2013,287.0,160.3,37.3,123.0,113.0,13.7,,0.73,287.0,391098.0,서울시,1430.1,1259.9,164.0,37.3,123.0,123.0,,,1143.1,1099.6,22.7,3.5,
계,마포구,2014,458.1,330.6,198.8,131.8,114.4,13.1,,1.16,458.1,395830.0,서울시,1932.0,1714.1,326.3,198.8,131.8,131.8,86.9,49.0,1387.0,1334.5,24.5,3.7,
계,마포구,2015,461.6,331.4,188.9,142.5,116.4,13.8,,1.16,461.6,398351.0,서울시,2184.7,1969.4,319.1,188.9,142.5,142.5,101.6,40.1,1621.5,1597.9,26.7,4.7,
계,마포구,2016,456.6,321.4,190.2,131.2,120.1,15.1,,1.17,456.6,390887.0,서울시,1998.7,1789.4,325.4,190.2,131.2,131.2,102.1,39.2,1440.0,1428.8,25.7,4.6,
계,마포구,2017,437.7,305.2,196.3,108.9,109.1,23.4,,1.13,437.7,385783.0,서울시,1944.3,1785.5,328.8,196.3,108.9,108.9,78.5,67.9,1428.1,1412.4,21.6,3.2,
계,마포구,2018,439.5,293.9,202.8,91.1,102.7,42.9,,1.14,439.5,386359.0,서울시,1519.9,1290.0,348.4,202.8,91.1,91.1,72.2,67.0,1008.2,929.1,24.7,4.1,
계,마포구,2019,477.5,285.9,162.5,123.4,147.3,44.1,0.2,1.24,477.5,385925.0,서울시,1956.9,1748.7,381.1,189.5,96.4,96.4,63.5,62.1,1415.9,1400.7,22.5,4.7,
계,마포구,2020,134108.0,79919.0,48960.0,30959.0,41798.0,12391.0,,0.96,366.4,381858.0,서울시,593514.0,535849.0,134108.0,79919.0,,,25041.0,22788.0,434365.0,433141.0,8820.0,1708.0,90.3
계,마포구,2021,199008.0,79714.0,51252.0,28462.0,41372.0,10035.0,67887.0,1.44,545.2,378686.0,서울시,508893.0,387989.0,199008.0,79714.0,,,25993.0,24879.0,283893.0,283396.0,7809.0,1237.0,76.2
계,마포구,2022,152394.0,88134.0,58550.0,29584.0,42222.0,9994.0,12045.0,1.11,417.5,375585.0,서울시,633982.0,567724.0,152394.0,88134.0,,,25892.0,23973.0,455696.0,455618.0,7235.0,1239.0,89.5
계,마포구,2023,135308.0,83318.0,54544.0,28775.0,43555.0,7586.0,849.0,0.99,370.7,375162.0,서울시,531689.0,471676.0,135308.0,83318.0,,,34226.0,26254.0,362155.0,362105.0,2771.0,1277.0,88.7
계,마포구,2024,142121.0,85360.0,58662.0,26698.0,49895.0,5601.0,1266.0,1.04,388.3,372745.0,서울시,425899.0,360360.0,142121.0,85360.0,,,35718.0,26941.0,248059.0,248059.0,2817.0,1511.0,84.6
계,서대문구,2000,387.4,161.7,133.0,28.7,5.6,220.1,,,,,서울시,,270.0,,163.0,,,,,,107.0,,,
계,서대문구,2001,372.4,138.2,109.1,29.1,3.7,230.5,,,,,서울시,,304.0,,138.0,,,,,,165.0,,,
계,서대문구,2002,383.6,145.1,111.8,33.3,6.5,232.0,,,,,서울시,,774.0,,145.0,,,,,,629.0,,,
계,서대문구,2003,397.9,170.9,129.5,41.4,6.6,220.4,,,,,서울시,,865.0,,171.0,,,,,,694.0,,,
계,서대문구,2004,379.1,171.2,107.1,64.1,4.1,203.8,,,,,서울시,,840.0,,122.0,,49.0,,,,669.0,,2.0,
계,서대문구,2005,349.2,207.7,109.9,97.8,7.2,134.3,,,,,서울시,,706.0,,110.0,,98.0,,,,498.0,,2.0,
계,서대문구,2006,347.7,197.5,105.9,91.6,9.3,140.9,,,,,서울시,,965.0,,50.0,,92.0,,,,824.0,,3.0,
계,서대문구,2007,293.1,149.3,58.0,91.3,9.3,134.5,,,,,서울시,,700.0,,58.0,,91.0,,1.0,,550.0,,3.0,
계,서대문구,2008,268.2,139.3,49.8,89.5,8.8,120.1,,,,,서울시,,936.0,,50.0,,90.0,,0.0,,797.0,,0.0,
계,서대문구,2009,327.1,215.2,124.6,90.6,69.0,42.9,,0.97,327.1,336649.0,서울시,,1630.0,,125.0,,91.0,,0.0,,1415.0,,2.0,
계,서대문구,2010,308.3,192.8,101.6,91.2,76.8,38.7,,0.92,308.3,333871.0,서울시,2606.8,2288.7,217.1,101.6,91.2,91.2,10.1,9.8,2288.4,2086.1,10.9,1.5,
계,서대문구,2011,291.4,193.6,109.0,84.6,62.6,35.2,,0.9,291.4,324529.0,서울시,1160.5,984.5,205.7,107.9,85.7,85.7,16.2,15.5,852.9,775.4,30.1,2.9,
계,서대문구,2012,263.6,164.8,76.3,88.5,87.1,11.7,,0.81,263.6,324733.0,서울시,1608.6,1426.1,175.1,76.3,88.5,88.5,16.0,15.1,1329.0,1246.2,11.1,1.5,
계,서대문구,2013,262.4,159.8,71.1,88.7,93.6,9.0,,0.81,262.4,324067.0,서울시,916.6,801.9,173.7,71.1,88.7,88.7,16.2,15.1,638.0,627.0,11.5,1.8,
계,서대문구,2014,311.7,210.0,119.0,91.0,92.6,9.1,,0.97,311.7,320861.0,서울시,1024.0,911.3,220.7,119.0,91.0,91.0,16.0,15.0,696.3,686.3,11.9,1.4,
계,서대문구,2015,301.5,202.4,119.7,82.7,88.1,11.0,,0.93,301.5,323105.0,서울시,1108.4,982.6,218.8,119.7,82.7,82.7,15.8,14.8,791.1,765.4,13.9,1.4,
계,서대문구,2016,298.4,194.8,115.0,79.8,91.4,12.2,,0.92,298.4,325871.0,서울시,1255.5,1124.0,218.6,115.0,79.8,79.8,15.9,14.9,941.2,914.3,16.3,1.4,
계,서대문구,2017,298.3,180.2,103.3,76.9,82.8,35.3,,0.92,298.3,325028.0,서울시,1428.7,1301.4,221.4,103.3,76.9,76.9,,,1130.4,1121.2,16.2,1.0,
계,서대문구,2018,285.3,176.3,103.2,73.1,81.4,27.6,,0.88,285.3,323080.0,서울시,1198.7,1076.7,212.2,103.2,73.1,73.1,,,913.4,900.4,17.6,1.0,
계,서대문구,2019,240.1,146.5,76.5,70.0,63.9,29.2,0.5,0.74,240.1,323171.0,서울시,1587.9,1489.6,169.0,75.4,71.1,71.1,10.5,10.4,1337.3,1332.7,17.0,1.1,
계,서대문구,2020,104413.0,64333.0,41128.0,23205.0,28780.0,11300.0,,0.88,285.3,322952.0,서울시,280600.0,235085.0,104413.0,64333.0,,,3438.0,352.0,172749.0,170400.0,5909.0,472.0,83.8
계,서대문구,2021,96768.0,57786.0,35533.0,22253.0,30403.0,8512.0,68.0,0.84,265.1,315659.0,서울시,358228.0,318392.0,96768.0,57786.0,,,1383.0,944.0,260077.0,259662.0,6565.0,499.0,88.9
계,서대문구,2022,107631.0,67206.0,44791.0,22415.0,29038.0,8326.0,3061.0,0.92,294.9,319554.0,서울시,263130.0,222630.0,107631.0,67206.0,,,172.0,109.0,155327.0,155315.0,6317.0,512.0,84.6
계,서대문구,2023,97594.0,60677.0,38427.0,22250.0,31484.0,5433.0,,0.83,267.4,320629.0,서울시,271856.0,230597.0,97594.0,60677.0,,,4362.0,21.0,169900.0,169900.0,6575.0,619.0,84.8
계,서대문구,2024,99837.0,63501.0,40880.0,22621.0,31947.0,4288.0,101.0,0.86,272.8,318622.0,서울시,190426.0,153568.0,99837.0,63501.0,,,751.0,310.0,89839.0,89757.0,5832.0,528.0,80.6
계,서초구,2000,516.1,219.4,134.0,85.4,6.4,290.3,,,,,서울시,,1978.0,,199.0,,,,,,1779.0,,,
계,서초구,2001,521.1,231.5,124.1,107.4,7.4,282.2,,,,,서울시,,2197.0,,232.0,,,,,,1965.0,,,
계,서초구,2002,495.5,224.2,116.5,107.7,8.9,262.4,,,,,서울시,,2813.0,,224.0,,,,,,2589.0,,,
계,서초구,2003,445.1,189.0,79.1,109.9,9.1,247.0,,,,,서울시,,2756.0,,189.0,,,,,,2567.0,,,
계,서초구,2004,411.9,176.6,46.4,130.2,9.1,226.2,,,,,서울시,,1996.0,,49.0,,128.0,,,,1820.0,,4.0,
계,서초구,2005,394.2,200.3,39.5,160.8,10.4,183.5,,,,,서울시,,1453.0,,39.0,,161.0,,,,1253.0,,3.0,
계,서초구,2006,557.3,358.3,185.7,172.6,9.1,189.9,,,,,서울시,,2965.0,,186.0,,173.0,,5.0,,2601.0,,2.0,
계,서초구,2007,563.7,361.6,165.3,196.3,41.9,160.2,,,,,서울시,,2647.0,,166.0,,196.0,,,,2285.0,,4.0,
계,서초구,2008,570.6,380.6,186.2,194.4,118.7,71.3,,,,,서울시,,2014.0,,186.0,,194.0,,,,1634.0,,3.0,
계,서초구,2009,608.9,407.7,214.9,192.8,140.4,60.8,,1.41,608.9,431131.0,서울시,,1280.0,,215.0,,193.0,,,,872.0,,3.0,
계,서초구,2010,589.1,393.0,208.7,184.3,131.3,64.8,,1.34,589.1,440021.0,서울시,1467.7,1226.2,404.8,208.7,184.3,184.3,,,878.6,833.2,15.2,2.3,
계,서초구,2011,588.0,398.0,208.7,189.3,127.5,62.5,,1.34,588.0,439012.0,서울시,1828.9,1566.9,398.8,208.8,189.2,189.2,,,1240.9,1168.9,13.5,1.8,
계,서초구,2012,578.1,400.2,208.6,191.6,127.1,50.8,,1.31,578.1,439998.0,서울시,1745.2,1439.9,386.5,208.6,191.6,191.6,,,1167.1,1039.7,16.4,4.6,
계,서초구,2013,552.3,390.5,197.4,193.1,132.3,29.5,,1.24,552.3,446541.0,서울시,2225.7,1997.2,359.2,197.4,193.1,193.1,,,1673.4,1606.7,19.6,5.8,
계,서초구,2014,546.3,379.5,191.9,187.6,127.1,39.7,,1.2,546.3,454288.0,서울시,2234.9,2027.0,358.7,191.9,187.6,187.6,,,1688.6,1647.5,22.8,7.7,
계,서초구,2015,562.3,402.3,196.3,206.0,113.4,46.6,,1.25,562.3,451258.0,서울시,2806.9,2621.5,356.3,196.3,206.0,206.0,,,2244.6,2219.2,22.8,7.3,
계,서초구,2016,570.1,396.1,213.7,182.4,139.0,35.0,,1.26,570.1,451477.0,서울시,1876.1,1662.0,387.7,213.7,182.4,182.4,,,1306.0,1265.9,21.6,6.8,
계,서초구,2017,571.7,405.1,226.1,179.0,115.5,51.1,,1.28,571.7,445401.0,서울시,2688.4,2477.6,392.7,226.1,179.0,179.0,,,2116.7,2072.5,24.7,6.8,
계,서초구,2018,563.7,391.3,215.6,175.7,92.3,80.1,,1.29,563.7,438163.0,서울시,2834.1,2603.0,388.0,215.6,175.7,175.7,,,2270.4,2211.7,25.6,8.3,
계,서초구,2019,498.3,293.2,114.0,179.2,129.4,75.4,0.3,1.15,498.3,435107.0,서울시,3772.1,3557.7,318.1,113.0,180.2,180.2,,,3273.8,3264.5,29.6,9.1,
계,서초구,2020,184761.0,109206.0,52198.0,57007.0,46581.0,28975.0,,1.18,504.8,429025.0,서울시,859429.0,781700.0,184761.0,109206.0,,,2669.0,1748.0,671999.0,670747.0,10941.0,4148.0,91.0
계,서초구,2021,177110.0,108844.0,55057.0,53786.0,49351.0,18095.0,821.0,1.17,485.2,416167.0,서울시,1599770.0,1522493.0,177110.0,108844.0,,,9292.0,1033.0,1413368.0,1412617.0,12439.0,4222.0,95.2
계,서초구,2022,180281.0,112992.0,60684.0,52308.0,47902.0,17609.0,1778.0,1.21,493.9,408451.0,서울시,1026077.0,955686.0,180281.0,112992.0,,,6002.0,3017.0,839794.0,839678.0,15586.0,4552.0,93.1
계,서초구,2023,178090.0,111677.0,61277.0,50400.0,48674.0,16791.0,948.0,1.18,487.9,412078.0,서울시,1335933.0,1268460.0,178090.0,111677.0,,,14327.0,13271.0,1143517.0,1143512.0,11810.0,3936.0,94.9
계,서초구,2024,180257.0,113288.0,63473.0,49815.0,47403.0,16181.0,3385.0,1.19,492.5,413076.0,서울시,1213113.0,1145043.0,180257.0,113288.0,,,4951.0,4003.0,1027905.0,1027753.0,11681.0,4393.0,94.4
계,성동구,2000,331.8,116.6,86.0,30.6,6.5,208.7,,,,,서울시,,637.0,,114.0,,,,33.0,,490.0,,,
계,성동구,2001,343.9,142.5,90.1,52.4,13.4,188.0,,,,,서울시,,619.0,,143.0,,,,33.0,,444.0,,,
계,성동구,2002,371.9,171.6,119.2,52.4,14.5,185.8,,,,,서울시,,1162.0,,172.0,,,,166.0,,824.0,,,
계,성동구,2003,388.6,203.0,138.7,64.3,8.9,176.7,,,,,서울시,,1236.0,,203.0,,,,297.0,,737.0,,,
계,성동구,2004,340.3,170.3,93.9,76.4,6.4,163.6,,,,,서울시,,882.0,,96.0,,74.0,,267.0,,445.0,,6.0,
계,성동구,2005,301.9,169.9,87.4,82.5,9.1,122.9,,,,,서울시,,1160.0,,87.0,,83.0,,279.0,,711.0,,5.0,
계,성동구,2006,322.7,192.8,107.8,85.0,4.8,125.1,,,,,서울시,,1400.0,,95.0,,85.0,,221.0,,999.0,,6.0,
계,성동구,2007,300.2,183.3,97.3,86.0,21.0,95.9,,,,,서울시,,1452.0,,97.0,,86.0,,358.0,,911.0,,4.0,
계,성동구,2008,300.5,180.2,95.1,85.1,71.6,48.7,,,,,서울시,,1894.0,,95.0,,85.0,,366.0,,1348.0,,11.0,
계,성동구,2009,312.5,201.4,116.3,85.1,85.8,25.3,,0.99,312.5,316064.0,서울시,,3200.0,,116.0,,85.0,,482.0,,2516.0,,10.0,
계,성동구,2010,282.0,177.2,92.1,85.1,83.2,21.6,,0.89,282.0,316892.0,서울시,2971.5,2828.6,196.9,92.1,85.1,85.1,652.0,626.5,2037.5,2024.9,17.7,8.2,
계,성동구,2011,290.2,181.7,89.1,92.6,84.2,24.3,,0.94,290.2,308767.0,서울시,2159.8,1607.7,196.0,87.5,94.2,94.2,420.3,1.3,1449.3,1424.7,7.4,2.2,
계,성동구,2012,267.6,173.1,86.6,86.5,67.7,26.8,,0.87,267.6,306868.0,서울시,2513.3,1609.7,181.1,86.6,86.5,86.5,422.4,1.5,1823.3,1435.1,13.1,4.2,
계,성동구,2013,261.8,173.5,86.8,86.7,72.5,15.8,,0.85,261.8,306571.0,서울시,2468.9,1984.9,175.1,86.8,86.7,86.7,5.9,,2201.2,1811.4,11.2,4.3,
계,성동구,2014,254.1,165.4,85.7,79.7,67.8,20.9,,0.84,254.1,303891.0,서울시,2700.2,1898.6,174.4,85.7,79.7,79.7,563.2,274.0,1882.9,1459.2,16.0,6.6,
계,성동구,2015,259.4,179.0,87.2,91.8,56.7,23.7,,0.85,259.4,305065.0,서울시,3427.8,2594.8,167.6,87.2,91.8,91.8,575.5,271.0,2592.9,2144.8,12.1,5.6,
계,성동구,2016,257.8,176.6,88.8,87.8,60.0,21.2,,0.84,257.8,307161.0,서울시,2254.7,1667.4,170.0,88.8,87.8,87.8,43.4,10.4,1953.5,1480.4,12.3,5.4,
계,성동구,2017,255.7,167.6,81.9,85.7,63.4,24.7,,0.82,255.7,312711.0,서울시,2139.9,1533.6,170.0,81.9,85.7,85.7,50.1,19.4,1834.1,1346.6,13.3,6.0,
계,성동구,2018,270.0,178.9,94.7,84.2,63.2,27.9,,0.85,270.0,316463.0,서울시,2028.9,1486.0,185.8,94.7,84.2,84.2,51.2,16.3,1707.7,1290.8,12.7,5.5,
계,성동구,2019,303.1,211.4,136.8,74.6,62.6,27.1,2.0,0.98,303.1,308979.0,서울시,2168.3,1436.1,222.5,130.8,80.6,80.6,382.7,34.1,1482.5,1190.6,12.9,6.0,
계,성동구,2020,110224.0,73914.0,45279.0,28635.0,22839.0,9739.0,3733.0,1.0,301.2,300505.0,서울시,850901.0,675122.0,110224.0,73914.0,,,80560.0,31023.0,660116.0,570186.0,5207.0,2369.0,79.3
계,성동구,2021,99225.0,68206.0,40224.0,27982.0,20456.0,10421.0,142.0,0.93,271.8,292672.0,서울시,1329246.0,1169838.0,99225.0,68206.0,,,122136.0,83058.0,1107885.0,1018574.0,6068.0,2597.0,88.0
계,성동구,2022,104584.0,66623.0,38624.0,27999.0,22459.0,15149.0,353.0,0.99,286.5,288234.0,서울시,1081741.0,1000598.0,104584.0,66623.0,,,189274.0,157251.0,787883.0,776724.0,5293.0,1967.0,92.5
계,성동구,2023,106823.0,68206.0,40545.0,27661.0,30416.0,8083.0,120.0,1.03,292.7,284766.0,서울시,945393.0,863110.0,106823.0,68206.0,,,96361.0,54545.0,742208.0,740360.0,5088.0,2133.0,91.3
계,성동구,2024,159245.0,120565.0,93089.0,27476.0,30444.0,6175.0,2062.0,1.55,435.1,281289.0,서울시,1022469.0,947740.0,159245.0,120565.0,,,111943.0,75960.0,751281.0,751215.0,4947.0,2237.0,92.7
계,성북구,2000,449.1,202.1,167.0,35.1,1.4,245.6,,,,,서울시,,1107.0,,196.0,,,,,,911.0,,,
계,성북구,2001,504.7,256.7,186.5,70.2,0.8,247.2,,,,,서울시,,713.0,,257.0,,,,,,456.0,,,
계,성북구,2002,472.8,214.4,164.4,50.0,4.0,254.4,,,,,서울시,,637.0,,214.0,,,,,,422.0,,,
계,성북구,2003,445.4,203.6,148.3,55.3,5.3,236.5,,,,,서울시,,478.0,,204.0,,,,,,274.0,,,
계,성북구,2004,429.3,216.6,131.0,85.6,11.9,200.8,,,,,서울시,,1476.0,,152.0,,65.0,,,,1260.0,,2.0,
계,성북구,2005,399.2,246.6,156.6,90.0,14.1,138.5,,,,,서울시,,1164.0,,156.0,,90.0,,,,918.0,,2.0,
계,성북구,2006,393.7,246.4,149.5,97.0,8.1,139.2,,,,,서울시,,1384.0,,182.0,,97.0,,3.0,,1103.0,,5.0,
계,성북구,2007,417.0,284.5,179.8,104.7,42.6,89.9,,,,,서울시,,1642.0,,180.0,,105.0,,1.0,,1356.0,,2.0,
계,성북구,2008,425.2,283.9,181.7,102.2,90.6,50.7,,,,,서울시,,2023.0,,182.0,,102.0,,7.0,,1732.0,,2.0,
계,성북구,2009,401.7,281.4,177.3,104.1,102.0,18.3,,0.83,401.7,484457.0,서울시,,1086.0,,177.0,,104.0,,,,804.0,,2.0,
계,성북구,2010,357.8,240.4,142.3,98.1,107.3,10.1,,0.72,357.8,497692.0,서울시,1168.7,1015.1,259.7,142.3,98.1,98.1,,,810.9,774.7,6.2,2.1,
계,성북구,2011,297.5,173.9,68.0,105.9,108.2,15.4,,0.6,297.5,494422.0,서울시,1009.8,869.6,190.2,66.6,107.3,107.3,,,712.3,695.7,19.6,7.4,
계,성북구,2012,300.6,172.6,67.2,105.5,107.2,20.8,,0.61,300.6,490639.0,서울시,817.3,678.1,195.1,67.1,105.5,105.5,,,516.7,505.5,8.1,2.0,
계,성북구,2013,274.9,157.6,52.6,105.0,102.4,14.9,,0.57,274.9,485347.0,서울시,1040.9,916.6,169.9,52.6,105.0,105.0,,,766.0,759.0,8.8,2.0,
계,성북구,2014,366.6,245.6,136.2,109.4,96.6,24.4,,0.77,366.6,475961.0,서울시,1117.6,994.2,257.2,136.2,109.4,109.4,,,751.0,748.6,8.2,2.1,
계,성북구,2015,359.2,248.6,141.7,106.9,91.9,18.7,,0.76,359.2,469560.0,서울시,1237.4,1120.3,252.3,141.7,106.9,106.9,,,878.2,871.7,9.0,2.1,
계,성북구,2016,358.3,253.8,150.6,103.2,91.2,13.3,,0.78,358.3,461617.0,서울시,1664.5,1552.9,255.1,150.6,103.2,103.2,,,1306.2,1299.1,9.7,1.8,
계,성북구,2017,345.5,238.0,142.6,95.4,91.2,16.3,,0.76,345.5,455407.0,서울시,1163.9,1050.7,250.1,142.6,95.4,95.4,,,818.4,812.7,8.5,1.6,
계,성북구,2018,348.5,249.8,155.8,94.0,85.3,13.4,,0.78,348.5,447687.0,서울시,2388.7,2235.7,254.5,155.8,94.0,94.0,,,2040.2,1985.9,9.9,1.5,
계,성북구,2019,371.3,275.6,180.5,95.1,86.1,8.8,0.8,0.82,371.3,454744.0,서울시,1345.4,1246.2,277.5,181.8,93.8,93.8,3.4,2.7,970.7,967.9,9.2,1.4,
계,성북구,2020,132342.0,90004.0,58017.0,31987.0,37020.0,5206.0,112.0,0.81,361.6,447056.0,서울시,434220.0,390779.0,132342.0,90004.0,,,2406.0,2398.0,299472.0,298377.0,3186.0,457.0,90.0
계,성북구,2021,136000.0,100565.0,68936.0,31629.0,31140.0,3620.0,675.0,0.85,372.6,440142.0,서울시,613842.0,577995.0,136000.0,100565.0,,,3657.0,3629.0,474185.0,473801.0,3239.0,494.0,94.2
계,성북구,2022,125909.0,85083.0,51634.0,33449.0,29930.0,3031.0,7865.0,0.78,345.0,441984.0,서울시,583781.0,542948.0,125909.0,85083.0,,,620.0,612.0,457253.0,457253.0,3533.0,549.0,93.0
계,성북구,2023,123724.0,83204.0,49463.0,33741.0,38734.0,1421.0,365.0,0.77,339.0,438168.0,서울시,315847.0,275314.0,123724.0,83204.0,,,5042.0,5032.0,187081.0,187078.0,3347.0,540.0,87.2
계,성북구,2024,117738.0,87203.0,55025.0,32178.0,28119.0,1972.0,445.0,0.74,321.7,435037.0,서울시,360312.0,329755.0,117738.0,87203.0,,,8729.0,8721.0,233845.0,233831.0,3289.0,578.0,91.5
계,송파구,2000,813.9,408.0,334.0,74.0,5.1,400.8,,,,,서울시,,649.0,,409.0,,,,29.0,,211.0,,,
계,송파구,2001,848.9,452.6,334.9,117.7,3.1,393.2,,,,,서울시,,2109.0,,453.0,,,,35.0,,1622.0,,,
계,송파구,2002,822.4,461.9,328.9,133.0,10.7,349.8,,,,,서울시,,2300.0,,462.0,,,,35.0,,1803.0,,,
계,송파구,2003,898.0,546.1,323.7,222.4,24.0,327.9,,,,,서울시,,2881.0,,546.0,,,,38.0,,2297.0,,,
계,송파구,2004,882.1,564.6,337.8,226.8,17.1,300.4,,,,,서울시,,2965.0,,340.0,,225.0,,34.0,,2367.0,,5.0,
계,송파구,2005,868.9,632.6,340.6,292.0,13.4,222.9,,,,,서울시,,2842.0,,341.0,,292.0,,34.0,,2175.0,,4.0,
계,송파구,2006,884.6,640.3,351.3,289.0,18.7,225.6,,,,,서울시,,3706.0,,398.0,,289.0,,51.0,,2968.0,,6.0,
계,송파구,2007,929.7,708.8,425.7,283.1,32.2,188.7,,,,,서울시,,2560.0,,426.0,,283.0,,37.0,,1814.0,,6.0,
계,송파구,2008,935.8,695.8,398.0,297.8,131.8,108.2,,,,,서울시,,2183.0,,398.0,,298.0,,12.0,,1475.0,,9.0,
계,송파구,2009,791.1,584.1,261.9,322.2,134.3,72.7,,1.15,791.1,689296.0,서울시,,3426.0,,262.0,,322.0,,1549.0,,1293.0,,11.0,
계,송파구,2010,733.3,545.1,263.6,281.5,141.7,46.5,,1.06,733.3,693144.0,서울시,1902.5,1666.6,451.8,263.6,281.5,281.5,143.1,109.7,1026.1,1011.8,22.6,9.1,
계,송파구,2011,751.5,531.7,257.7,274.0,146.1,73.7,,1.09,751.5,690466.0,서울시,2443.8,2027.4,466.0,246.2,285.5,285.5,97.4,84.2,1594.9,1411.5,15.6,2.6,
계,송파구,2012,644.2,467.5,244.2,223.3,140.5,36.2,,0.95,644.2,680150.0,서울시,2543.2,2246.7,420.9,244.2,223.3,223.3,96.9,85.9,1802.1,1693.3,30.4,12.9,
계,송파구,2013,599.8,425.7,238.9,186.8,131.8,42.3,,0.89,599.8,674955.0,서울시,2146.5,1864.6,413.0,238.9,186.8,186.8,96.9,85.9,1449.8,1353.0,34.4,14.1,
계,송파구,2014,555.5,360.9,176.2,184.7,130.6,64.0,,0.83,555.5,671794.0,서울시,2232.1,1966.2,370.8,176.2,184.7,184.7,45.4,43.2,1631.2,1562.1,28.8,10.5,
계,송파구,2015,575.7,397.6,176.6,221.0,121.4,56.7,,0.86,575.7,667480.0,서울시,4142.2,3853.2,354.7,176.6,221.0,221.0,23.6,6.1,3542.9,3449.5,27.9,8.6,
계,송파구,2016,569.7,398.7,191.6,207.1,136.0,35.0,,0.86,569.7,664946.0,서울시,3334.4,3025.7,362.6,191.6,207.1,207.1,75.1,68.3,2689.6,2558.7,32.4,11.1,
계,송파구,2017,550.3,370.4,181.7,188.7,132.5,47.4,,0.82,550.3,671173.0,서울시,3909.9,3625.5,361.6,181.7,188.7,188.7,69.0,61.2,3290.6,3193.9,28.4,7.3,
계,송파구,2018,611.8,416.9,199.2,217.7,123.3,71.6,,0.91,611.8,673507.0,서울시,2915.1,2615.7,394.1,199.2,217.7,217.7,88.1,78.8,2215.2,2120.0,29.1,6.4,
계,송파구,2019,808.2,604.8,190.1,414.7,114.9,84.7,3.8,1.18,808.2,682741.0,서울시,2324.8,2035.2,581.5,378.1,226.7,226.7,89.5,75.6,1427.1,1354.8,28.3,6.0,
계,송파구,2020,266247.0,198010.0,121708.0,76302.0,35498.0,32302.0,438.0,1.08,727.5,673926.0,서울시,1550391.0,1442997.0,266247.0,198010.0,,,31090.0,19702.0,1253053.0,1225285.0,13128.0,2358.0,93.1
계,송파구,2021,253209.0,173237.0,100368.0,72869.0,40967.0,31434.0,7571.0,1.04,693.7,663965.0,서울시,1097905.0,988953.0,253209.0,173237.0,,,37277.0,34863.0,807419.0,780853.0,11586.0,2170.0,90.1
계,송파구,2022,301830.0,177052.0,105291.0,71761.0,39669.0,33624.0,51485.0,1.24,826.9,664514.0,서울시,898991.0,769201.0,301830.0,177052.0,,,70684.0,65984.0,526477.0,526166.0,10960.0,1646.0,85.6
계,송파구,2023,262182.0,156087.0,87724.0,68363.0,39356.0,24918.0,41821.0,1.09,718.3,660025.0,서울시,675848.0,563083.0,262182.0,156087.0,,,83756.0,77380.0,329910.0,329617.0,10758.0,1982.0,83.3
계,송파구,2024,268890.0,162401.0,96844.0,65558.0,48885.0,14789.0,42814.0,1.12,734.7,656310.0,서울시,722918.0,609502.0,268890.0,162401.0,,,77516.0,70720.0,376512.0,376381.0,9108.0,2176.0,84.3
계,양천구,2000,497.4,247.0,226.0,21.0,235.0,15.4,,,,,서울시,,850.0,,249.0,,,,,,601.0,,,
계,양천구,2001,581.8,329.2,303.0,26.2,227.9,24.7,,,,,서울시,,1474.0,,329.0,,,,,,1145.0,,,
계,양천구,2002,466.3,253.9,195.2,58.7,192.3,20.1,,,,,서울시,,1012.0,,254.0,,,,,,758.0,,,
계,양천구,2003,432.3,254.2,151.3,102.9,148.5,29.6,,,,,서울시,,810.0,,254.0,,,,,,556.0,,,
계,양천구,2004,470.7,314.9,191.7,123.2,138.1,17.7,,,,,서울시,,729.0,,192.0,,123.0,,,,414.0,,2.0,
계,양천구,2005,446.7,308.9,183.3,125.6,134.9,2.9,,,,,서울시,,662.0,,183.0,,126.0,,,,353.0,,2.0,
계,양천구,2006,463.4,320.1,188.1,132.0,132.0,11.3,,,,,서울시,,602.0,,186.0,,132.0,,,,284.0,,0.0,
계,양천구,2007,624.2,481.7,340.4,141.3,128.0,14.5,,,,,서울시,,1069.0,,341.0,,141.0,,,,587.0,,0.0,
계,양천구,2008,505.4,339.1,186.1,153.0,109.7,56.6,,,,,서울시,,1005.0,,186.0,,153.0,,5.0,,661.0,,2.0,
계,양천구,2009,534.7,363.8,205.0,158.8,88.0,82.9,,1.06,534.7,506684.0,서울시,,1179.0,,205.0,,159.0,,5.0,,811.0,,1.0,
계,양천구,2010,277.4,220.8,66.7,154.1,45.0,11.6,,0.55,277.4,505223.0,서울시,958.6,863.6,123.3,66.7,154.1,154.1,,,681.2,642.8,3.6,0.8,
계,양천구,2011,257.4,184.1,50.9,133.2,65.5,7.8,,0.51,257.4,505605.0,서울시,1297.9,1149.2,124.2,50.9,133.2,133.2,57.1,,983.4,965.1,9.9,5.0,
계,양천구,2012,274.5,173.2,38.1,135.1,96.5,4.8,,0.55,274.5,500533.0,서울시,744.1,609.9,141.0,39.7,133.5,133.5,18.6,2.9,451.0,433.8,21.6,0.5,
계,양천구,2013,276.1,179.1,41.0,138.1,89.5,7.5,,0.56,276.1,496934.0,서울시,1328.7,1169.5,138.0,41.0,138.1,138.1,19.0,2.8,1033.6,987.6,18.6,1.5,
계,양천구,2014,347.9,230.7,111.3,119.4,96.3,20.9,,0.71,347.9,490708.0,서울시,995.2,795.3,228.5,111.3,119.4,119.4,61.8,2.7,585.5,561.9,17.0,1.8,
계,양천구,2015,322.5,222.5,105.3,117.2,81.0,19.0,,0.66,322.5,489010.0,서울시,1025.1,834.0,205.3,105.3,117.2,117.2,69.0,2.7,633.6,608.8,18.1,1.8,
계,양천구,2016,287.9,187.4,75.6,111.8,81.6,18.9,,0.6,287.9,481845.0,서울시,1312.3,1149.5,176.1,75.6,111.8,111.8,58.5,2.7,965.9,959.4,33.7,1.8,
계,양천구,2017,295.4,194.2,85.8,108.4,80.4,20.8,,0.62,295.4,475018.0,서울시,1193.6,1035.2,187.0,85.8,108.4,108.4,56.1,2.5,842.1,838.5,16.7,1.8,
계,양천구,2018,297.7,200.0,95.1,104.9,84.2,13.5,,0.64,297.7,468145.0,서울시,1063.1,907.3,192.8,95.1,104.9,104.9,42.7,1.2,722.7,706.1,20.5,1.9,
계,양천구,2019,340.8,221.5,104.0,117.5,101.3,18.0,,0.74,340.8,462285.0,서울시,1089.9,922.3,243.2,123.9,97.6,97.6,40.6,0.6,708.5,700.2,17.8,1.6,
계,양천구,2020,144360.0,104623.0,72041.0,32582.0,33003.0,6734.0,,0.86,394.4,457781.0,서울시,452105.0,394133.0,144360.0,104623.0,,,15876.0,514.0,291869.0,288996.0,5935.0,665.0,87.2
계,양천구,2021,128894.0,86602.0,54322.0,32280.0,30053.0,10819.0,1420.0,0.78,353.1,450487.0,서울시,396564.0,334463.0,128894.0,86602.0,,,18134.0,730.0,249536.0,247131.0,3896.0,647.0,84.3
계,양천구,2022,123688.0,80582.0,47876.0,32706.0,33872.0,6324.0,2911.0,0.76,338.9,444010.0,서울시,304154.0,242188.0,123688.0,80582.0,,,26016.0,7159.0,154450.0,154447.0,2803.0,675.0,79.6
계,양천구,2023,115678.0,78725.0,48748.0,29977.0,29907.0,6779.0,266.0,0.72,316.9,439252.0,서울시,244751.0,188397.0,115678.0,78725.0,,,21244.0,1842.0,107829.0,107829.0,3023.0,786.0,77.0
계,양천구,2024,121756.0,72237.0,42695.0,29542.0,33545.0,6453.0,9522.0,0.77,332.7,434351.0,서울시,329437.0,260506.0,121756.0,72237.0,,,19846.0,438.0,187835.0,187832.0,3383.0,817.0,79.1
계,영등포구,2000,596.2,217.7,155.0,62.7,0.7,377.8,,,,,서울시,,860.0,,215.0,,,,52.0,,593.0,,,
계,영등포구,2001,628.0,226.4,162.2,64.2,7.0,394.6,,,,,서울시,,1837.0,,226.0,,,,68.0,,1543.0,,,
계,영등포구,2002,670.3,252.3,192.4,59.9,10.0,408.0,,,,,서울시,,1529.0,,252.0,,,,75.0,,1202.0,,,
계,영등포구,2003,686.4,272.8,208.7,64.1,7.2,406.4,,,,,서울시,,1912.0,,273.0,,,,54.0,,1586.0,,,
계,영등포구,2004,658.2,317.3,183.5,133.8,7.3,333.6,,,,,서울시,,2086.0,,205.0,,113.0,,61.0,,1708.0,,5.0,
계,영등포구,2005,559.5,344.7,163.7,181.0,4.3,210.5,,,,,서울시,,1576.0,,164.0,,181.0,,39.0,,1192.0,,5.0,
계,영등포구,2006,540.4,354.2,163.1,191.1,6.0,180.2,,,,,서울시,,1360.0,,202.0,,191.0,,99.0,,868.0,,4.0,
계,영등포구,2007,561.9,360.5,163.7,196.8,67.5,133.9,,,,,서울시,,1725.0,,164.0,,197.0,,30.0,,1334.0,,11.0,
계,영등포구,2008,599.8,411.5,201.7,209.8,91.2,97.1,,,,,서울시,,1558.0,,202.0,,210.0,,34.0,,1112.0,,4.0,
계,영등포구,2009,537.0,407.1,200.2,206.9,66.7,63.2,,1.22,537.0,441747.0,서울시,,1908.0,,200.0,,207.0,,23.0,,1479.0,,5.0,
계,영등포구,2010,541.1,422.1,215.1,207.0,46.5,72.5,,1.21,541.1,445648.0,서울시,1657.2,1490.6,334.1,215.1,207.0,207.0,25.3,25.3,1090.8,1043.2,15.9,6.5,
계,영등포구,2011,366.0,227.3,20.4,206.9,110.2,28.5,,0.83,366.0,439555.0,서울시,1658.2,1442.2,158.7,20.0,207.3,207.3,12.0,5.4,1280.2,1209.5,7.5,0.8,
계,영등포구,2012,403.2,246.5,47.3,199.2,126.2,30.5,,0.94,403.2,426876.0,서울시,1801.0,1609.0,204.0,47.3,199.2,199.2,,,1397.8,1362.5,15.8,3.6,
계,영등포구,2013,305.8,163.7,22.9,140.8,112.2,29.9,,0.73,305.8,421577.0,서울시,1319.8,1129.6,165.0,22.9,140.8,140.8,12.6,6.7,1001.4,959.2,14.5,3.3,
계,영등포구,2014,356.1,196.2,59.1,137.1,119.9,40.0,,0.84,356.1,421436.0,서울시,1674.8,1468.2,219.0,59.1,137.1,137.1,93.8,71.5,1224.9,1200.5,4.7,0.2,
계,영등포구,2015,389.9,249.0,88.3,160.7,113.5,27.4,,0.93,389.9,417811.0,서울시,1276.6,1081.0,229.2,88.3,160.7,160.7,93.7,71.3,793.0,760.7,16.6,3.8,
계,영등포구,2016,406.8,287.7,132.7,155.0,97.4,21.7,,1.0,406.8,406779.0,서울시,1641.7,1479.2,251.8,132.7,155.0,155.0,14.6,11.3,1220.3,1180.2,13.4,3.2,
계,영등포구,2017,340.7,230.2,75.7,154.5,88.5,22.0,,0.85,340.7,402024.0,서울시,3012.7,2870.7,186.2,75.7,154.5,154.5,41.2,41.2,2630.8,2599.3,12.3,2.8,
계,영등포구,2018,335.3,216.6,82.3,134.3,106.4,12.3,,0.83,335.3,403600.0,서울시,2322.4,2191.6,201.0,82.3,134.3,134.3,41.3,41.3,1945.8,1933.7,12.4,2.8,
계,영등포구,2019,417.3,266.4,111.0,155.4,99.6,47.6,3.7,1.04,417.3,400986.0,서울시,2540.7,2374.6,270.9,120.0,146.4,146.4,38.7,38.6,2084.7,2069.6,15.4,2.9,
계,영등포구,2020,164492.0,108772.0,58838.0,49934.0,44477.0,9801.0,1442.0,1.1,449.4,407367.0,서울시,783413.0,724246.0,164492.0,108772.0,,,20695.0,20504.0,598226.0,594970.0,5778.0,1056.0,92.4
계,영등포구,2021,161206.0,112103.0,64107.0,47997.0,32519.0,14311.0,2274.0,1.1,441.7,400908.0,서울시,697666.0,641902.0,161206.0,112103.0,,,16433.0,15922.0,520027.0,513877.0,5380.0,1139.0,92.0
계,영등포구,2022,167303.0,113275.0,65114.0,48162.0,39621.0,13033.0,1375.0,1.15,458.4,398085.0,서울시,820843.0,761703.0,167303.0,113275.0,,,31221.0,26187.0,622319.0,622241.0,4808.0,1250.0,92.8
계,영등포구,2023,166688.0,114964.0,66360.0,48604.0,40194.0,10454.0,1076.0,1.15,456.7,397800.0,서울시,562288.0,509396.0,166688.0,114964.0,,,16535.0,16149.0,379065.0,378282.0,4831.0,1354.0,90.6
계,영등포구,2024,158377.0,106906.0,60696.0,46210.0,42491.0,7829.0,1150.0,1.09,432.7,397173.0,서울시,588576.0,536932.0,158377.0,106906.0,,,16008.0,15870.0,414191.0,414156.0,4706.0,1354.0,91.2
계,용산구,2000,345.8,127.6,107.0,20.6,2.5,215.7,,,,,서울시,,2168.0,,125.0,,,,11.0,,2032.0,,,
계,용산구,2001,351.0,133.3,97.2,36.1,0.7,217.0,,,,,서울시,,491.0,,133.0,,,,,,358.0,,,
계,용산구,2002,350.8,137.7,98.1,39.6,,213.1,,,,,서울시,,1521.0,,138.0,,,,,,1383.0,,,
계,용산구,2003,346.2,135.6,96.4,39.2,9.7,200.9,,,,,서울시,,1247.0,,136.0,,,,,,1112.0,,,
계,용산구,2004,343.1,138.5,80.6,57.9,9.1,195.5,,,,,서울시,,237.0,,96.0,,43.0,,,,98.0,,4.0,
계,용산구,2005,300.8,173.8,71.8,102.0,94.2,32.8,,,,,서울시,,1163.0,,72.0,,102.0,,,,989.0,,4.0,
계,용산구,2006,326.2,172.8,83.3,89.5,124.2,29.2,,,,,서울시,,783.0,,63.0,,90.0,,0.0,,631.0,,3.0,
계,용산구,2007,286.1,148.0,63.8,84.2,110.7,27.4,,,,,서울시,,834.0,,64.0,,84.0,,,,686.0,,4.0,
계,용산구,2008,284.4,148.9,62.7,86.2,111.8,23.7,,,,,서울시,,2037.0,,63.0,,86.0,,,,1888.0,,2.0,
계,용산구,2009,326.7,217.1,123.7,93.4,90.8,18.8,,1.3,326.7,251200.0,서울시,,1164.0,,124.0,,93.0,,,,947.0,,5.0,
계,용산구,2010,203.7,180.8,85.0,95.8,16.7,6.2,,0.79,203.7,257143.0,서울시,910.7,867.0,107.9,85.0,95.8,95.8,,,707.0,686.2,6.3,2.3,
계,용산구,2011,214.2,105.1,20.4,84.7,97.3,11.8,,0.83,214.2,259288.0,서울시,1091.3,969.8,129.5,20.4,84.7,84.7,,,877.1,864.7,7.5,4.2,
계,용산구,2012,227.9,122.5,39.8,82.7,97.0,8.4,,0.89,227.9,255294.0,서울시,1887.9,1630.2,145.2,39.8,82.7,82.7,,,1660.0,1507.7,10.4,1.4,
계,용산구,2013,193.2,97.3,19.3,78.0,87.6,8.3,,0.77,193.2,251925.0,서울시,903.5,792.4,115.2,19.3,78.0,78.0,,,710.3,695.1,5.0,1.9,
계,용산구,2014,273.0,177.3,100.2,77.1,86.9,8.8,,1.09,273.0,249914.0,서울시,1210.2,1095.7,195.9,100.2,77.1,77.1,,,937.2,918.4,7.4,1.8,
계,용산구,2015,255.1,165.5,87.7,77.8,79.9,9.7,,1.03,255.1,247909.0,서울시,907.3,802.7,177.3,87.7,77.8,77.8,42.0,42.0,610.6,595.6,5.5,1.8,
계,용산구,2016,262.1,166.9,89.7,77.2,83.9,11.3,,1.07,262.1,245102.0,서울시,914.9,805.3,184.9,89.7,77.2,77.2,38.6,38.6,614.2,599.8,6.3,2.1,
계,용산구,2017,262.7,166.2,91.3,74.9,79.4,17.1,,1.07,262.7,244444.0,서울시,1564.1,1440.1,187.8,91.3,74.9,74.9,12.3,9.8,1289.1,1264.1,4.9,1.2,
계,용산구,2018,288.4,193.0,118.9,74.1,74.5,20.9,,1.18,288.4,245090.0,서울시,1155.5,1051.5,214.3,118.9,74.1,74.1,11.6,10.8,855.5,847.7,5.1,1.2,
계,용산구,2019,305.2,198.6,127.8,70.8,69.3,31.3,6.0,1.24,305.2,245185.0,서울시,1137.4,1008.5,231.1,124.5,74.1,74.1,11.0,7.4,821.2,802.5,3.4,1.1,
계,용산구,2020,110255.0,72190.0,48882.0,23308.0,28417.0,9575.0,73.0,1.23,301.2,244645.0,서울시,382283.0,339171.0,110255.0,72190.0,,,5023.0,4709.0,267005.0,262272.0,2976.0,1400.0,88.7
계,용산구,2021,107173.0,68334.0,45669.0,22665.0,29489.0,9113.0,237.0,1.24,293.6,237285.0,서울시,568349.0,527388.0,107173.0,68334.0,,,204139.0,203377.0,257038.0,255678.0,2331.0,821.0,92.8
계,용산구,2022,216363.0,178471.0,153510.0,24960.0,31172.0,6511.0,209.0,2.54,592.8,233284.0,서울시,947105.0,907608.0,216363.0,178471.0,,,365558.0,365180.0,365184.0,363958.0,2603.0,770.0,95.8
계,용산구,2023,208742.0,171993.0,149004.0,22989.0,31658.0,4979.0,111.0,2.52,571.9,227106.0,서울시,859006.0,820708.0,208742.0,171993.0,,,240879.0,240358.0,409386.0,408357.0,2818.0,1037.0,95.5
계,용산구,2024,103895.0,67515.0,42197.0,25318.0,32618.0,3506.0,257.0,1.31,283.9,217194.0,서울시,421774.0,384982.0,103895.0,67515.0,,,43457.0,43190.0,274422.0,274278.0,2273.0,552.0,91.3
계,은평구,2000,359.0,145.0,116.0,29.0,1.7,212.3,,,,,서울시,,531.0,,138.0,,,,,,393.0,,,
계,은평구,2001,386.9,171.5,119.7,51.8,3.4,212.0,,,,,서울시,,807.0,,172.0,,,,,,636.0,,,
계,은평구,2002,404.6,178.7,124.0,54.7,3.4,222.5,,,,,서울시,,1129.0,,179.0,,,,3.0,,947.0,,,
계,은평구,2003,382.7,153.9,95.4,58.5,3.3,225.5,,,,,서울시,,731.0,,154.0,,,,,,577.0,,,
계,은평구,2004,347.8,141.9,66.8,75.1,2.6,203.3,,,,,서울시,,606.0,,85.0,,57.0,,,,464.0,,2.0,
계,은평구,2005,331.3,188.6,102.6,86.0,4.3,138.4,,,,,서울시,,1357.0,,103.0,,86.0,,,,1168.0,,2.0,
계,은평구,2006,318.9,172.6,87.9,84.7,8.0,138.3,,,,,서울시,,2138.0,,55.0,,85.0,,,,1997.0,,3.0,
계,은평구,2007,295.3,147.7,60.6,87.1,9.3,138.3,,,,,서울시,,3096.0,,61.0,,87.0,,,,2948.0,,2.0,
계,은평구,2008,286.4,139.2,55.4,83.8,25.8,121.4,,,,,서울시,,3382.0,,55.0,,84.0,,,,3242.0,,2.0,
계,은평구,2009,344.4,215.1,137.8,77.3,28.7,100.6,,0.73,344.4,470782.0,서울시,,2191.0,,138.0,,77.0,,0.0,,1975.0,,2.0,
계,은평구,2010,264.6,130.4,52.1,78.3,40.3,93.9,,0.54,264.6,492925.0,서울시,1238.5,1086.2,186.3,52.1,78.3,78.3,3.1,0.3,970.8,955.5,6.3,2.0,
계,은평구,2011,270.3,136.2,55.9,80.3,39.4,94.7,,0.54,270.3,498350.0,서울시,1692.7,1546.8,186.7,52.6,83.6,83.6,3.1,0.3,1419.3,1410.3,4.3,2.0,
계,은평구,2012,261.1,136.0,62.9,73.1,43.7,81.4,,0.52,261.1,505902.0,서울시,1524.4,1273.0,188.0,62.9,73.1,73.1,14.9,11.4,1248.4,1125.6,5.7,1.6,
계,은평구,2013,294.9,153.9,69.2,84.7,41.9,99.1,,0.58,294.9,508111.0,서울시,1273.4,1014.1,210.2,69.2,84.7,84.7,14.9,11.4,963.6,848.8,5.4,1.6,
계,은평구,2014,300.3,158.2,69.6,88.6,44.5,97.6,,0.6,300.3,503243.0,서울시,1271.5,1051.7,211.7,69.6,88.6,88.6,32.9,28.5,938.3,865.0,5.6,1.7,
계,은평구,2015,227.5,159.8,66.6,93.2,40.8,26.9,,0.45,227.5,502578.0,서울시,1348.3,1214.5,134.3,66.6,93.2,93.2,32.9,28.5,1087.9,1026.2,6.4,1.5,
계,은평구,2016,283.4,148.6,57.3,91.3,85.8,49.0,,0.57,283.4,495937.0,서울시,2010.9,1856.8,192.1,57.3,91.3,91.3,28.8,28.8,1698.7,1679.4,7.2,2.0,
계,은평구,2017,319.6,183.3,96.6,86.7,71.8,64.5,,0.65,319.6,491202.0,서울시,2342.4,2196.2,232.9,96.6,86.7,86.7,31.4,31.4,1991.4,1981.5,6.2,1.5,
계,은평구,2018,333.3,195.0,110.8,84.2,49.7,88.6,,0.68,333.3,487666.0,서울시,2043.5,1895.6,249.1,110.8,84.2,84.2,11.4,11.4,1698.8,1689.2,6.6,1.4,
계,은평구,2019,369.0,224.9,150.8,74.1,49.2,94.5,0.4,0.76,369.0,484546.0,서울시,2303.7,2144.9,284.4,140.3,84.6,84.6,5.5,4.1,1929.2,1915.9,7.5,1.5,
계,은평구,2020,139243.0,81603.0,52496.0,29107.0,19271.0,38299.0,71.0,0.79,380.4,484043.0,서울시,786241.0,725137.0,139243.0,81603.0,,,1442.0,1442.0,645555.0,642091.0,2980.0,625.0,92.2
계,은평구,2021,138304.0,83540.0,55091.0,28450.0,14275.0,40420.0,69.0,0.79,378.9,477173.0,서울시,474065.0,418589.0,138304.0,83540.0,,,82.0,72.0,335679.0,334977.0,3905.0,669.0,88.3
계,은평구,2022,128783.0,72461.0,44847.0,27614.0,16763.0,38861.0,698.0,0.75,352.8,470602.0,서울시,477827.0,421351.0,128783.0,72461.0,,,35.0,35.0,349009.0,348856.0,3336.0,754.0,88.2
계,은평구,2023,123761.0,74038.0,47526.0,26512.0,16353.0,33351.0,20.0,0.72,339.1,470869.0,서울시,392490.0,342615.0,123761.0,74038.0,,,10304.0,10151.0,258426.0,258426.0,3455.0,873.0,87.3
계,은평구,2024,127441.0,72827.0,46712.0,26115.0,24803.0,29811.0,,0.75,348.2,465350.0,서울시,615338.0,559766.0,127441.0,72827.0,,,12231.0,11603.0,475666.0,475336.0,3478.0,915.0,91.0
계,종로구,2000,439.3,157.7,124.0,33.7,1.6,280.0,,,,,서울시,,191.0,,149.0,,,,,,42.0,,,
계,종로구,2001,445.8,151.3,91.2,60.1,5.8,288.7,,,,,서울시,,180.0,,151.0,,,,,,29.0,,,
계,종로구,2002,455.8,179.3,119.5,59.8,5.7,270.8,,,,,서울시,,388.0,,179.0,,,,,,208.0,,,
계,종로구,2003,479.1,220.1,155.6,64.5,6.1,252.9,,,,,서울시,,585.0,,220.0,,,,,,365.0,,,
계,종로구,2004,498.6,270.0,170.2,99.8,6.6,222.0,,,,,서울시,,1564.0,,192.0,,78.0,,,,1294.0,,2.0,
계,종로구,2005,564.9,396.7,269.4,127.3,6.8,161.4,,,,,서울시,,1907.0,,270.0,,127.0,,,,1510.0,,2.0,
계,종로구,2006,442.8,271.5,150.5,121.0,6.2,165.1,,,,,서울시,,1307.0,,151.0,,121.0,,2.0,,1033.0,,1.0,
계,종로구,2007,467.0,300.4,175.4,125.0,7.0,159.6,,,,,서울시,,810.0,,175.0,,125.0,,,,510.0,,2.0,
계,종로구,2008,432.5,273.4,151.4,122.0,8.4,150.7,,,,,서울시,,884.0,,151.0,,122.0,,,,610.0,,2.0,
계,종로구,2009,385.4,242.9,121.5,121.4,98.8,43.7,,2.17,385.4,177543.0,서울시,,1366.0,,122.0,,121.0,,,,1123.0,,2.0,
계,종로구,2010,439.0,288.0,154.1,133.9,85.7,65.3,,2.45,439.0,179362.0,서울시,1414.0,1207.3,305.1,154.1,133.9,133.9,,,975.0,919.3,13.6,2.0,
계,종로구,2011,411.0,261.1,157.9,103.2,85.4,64.5,,2.32,411.0,177419.0,서울시,1406.2,1237.7,304.6,154.7,106.4,106.4,,,995.2,976.6,19.0,5.5,
계,종로구,2012,386.6,268.9,159.9,109.0,102.8,14.9,,2.23,386.6,173148.0,서울시,1066.2,931.3,277.6,159.9,109.0,109.0,,,679.6,662.4,14.6,2.6,
계,종로구,2013,354.7,222.5,106.9,115.6,98.8,33.4,,2.11,354.7,167867.0,서울시,1157.3,1009.8,239.1,106.9,115.6,115.6,,,802.6,787.3,24.2,2.4,
계,종로구,2014,365.4,227.4,107.9,119.5,103.9,34.1,,2.21,365.4,165344.0,서울시,1860.8,1710.7,245.9,107.9,119.5,119.5,,,1495.4,1483.3,24.5,2.5,
계,종로구,2015,324.4,200.5,103.7,96.8,91.9,32.0,,1.98,324.4,163822.0,서울시,720.3,575.1,227.6,103.7,96.8,96.8,,,395.9,374.6,24.1,2.1,
계,종로구,2016,406.0,227.2,119.3,107.9,142.5,36.3,,2.51,406.0,161922.0,서울시,945.6,742.4,298.1,119.3,107.9,107.9,,,539.6,515.2,28.2,4.4,
계,종로구,2017,375.1,227.7,122.3,105.4,109.6,37.8,,2.28,375.1,164257.0,서울시,855.6,698.4,269.7,122.3,105.4,105.4,,,480.5,470.7,14.8,1.2,
계,종로구,2018,362.7,234.7,133.9,100.8,86.1,41.9,,2.22,362.7,163026.0,서울시,946.5,811.1,261.9,133.9,100.8,100.8,,,583.8,576.4,19.6,4.6,
계,종로구,2019,339.9,219.6,124.5,95.1,79.9,40.3,0.1,2.1,339.9,161869.0,서울시,860.1,728.0,244.3,124.0,95.6,95.6,0.6,0.2,519.6,508.2,21.9,7.3,
계,종로구,2020,96692.0,56165.0,28337.0,27828.0,30536.0,9466.0,525.0,1.66,264.2,158996.0,서울시,342206.0,299486.0,96692.0,56165.0,,,536.0,375.0,244977.0,242946.0,6916.0,1831.0,87.5
계,종로구,2021,83878.0,45404.0,20135.0,25269.0,30427.0,7518.0,529.0,1.49,229.8,153789.0,서울시,419436.0,379918.0,83878.0,45404.0,,,575.0,448.0,334984.0,334066.0,7666.0,1847.0,90.6
계,종로구,2022,104369.0,62003.0,33722.0,28281.0,35421.0,6635.0,310.0,1.88,285.9,152211.0,서울시,381189.0,337063.0,104369.0,62003.0,,,964.0,577.0,275856.0,274483.0,6828.0,1247.0,88.4
계,종로구,2023,97419.0,54632.0,25469.0,29163.0,35774.0,5645.0,1368.0,1.77,266.9,150453.0,서울시,319564.0,271653.0,97419.0,54632.0,,,5548.0,567.0,216598.0,216454.0,6669.0,1434.0,85.0
계,종로구,2024,98887.0,58688.0,29130.0,29559.0,35903.0,3869.0,427.0,1.81,270.2,149608.0,서울시,274926.0,233974.0,98887.0,58688.0,,,2447.0,1746.0,173592.0,173540.0,5592.0,1277.0,85.1
계,중구,2000,513.6,225.6,131.0,94.6,0.8,287.2,,,,,서울시,,650.0,,223.0,,,,,,427.0,,,
계,중구,2001,587.1,282.4,188.5,93.9,1.1,303.6,,,,,서울시,,642.0,,282.0,,,,,,360.0,,,
계,중구,2002,550.1,241.9,150.4,91.5,1.4,306.8,,,,,서울시,,626.0,,242.0,,,,,,384.0,,,
계,중구,2003,546.7,259.7,150.4,109.3,2.4,284.6,,,,,서울시,,1976.0,,260.0,,,,,,1716.0,,,
계,중구,2004,512.5,241.3,138.8,102.5,1.9,269.3,,,,,서울시,,1079.0,,140.0,,102.0,,,,838.0,,3.0,
계,중구,2005,485.4,269.7,129.1,140.6,153.9,61.8,,,,,서울시,,1007.0,,128.0,,141.0,,,,738.0,,3.0,
계,중구,2006,499.3,277.7,127.9,149.9,182.6,39.0,,,,,서울시,,1902.0,,262.0,,150.0,,0.0,,1490.0,,3.0,
계,중구,2007,501.8,277.7,136.5,141.2,195.6,28.5,,,,,서울시,,1827.0,,137.0,,141.0,,,,1549.0,,2.0,
계,중구,2008,621.3,405.3,261.8,143.5,184.6,31.4,,,,,서울시,,2000.0,,262.0,,144.0,,,,1595.0,,4.0,
계,중구,2009,487.4,290.7,147.4,143.3,155.3,41.4,,3.54,487.4,137861.0,서울시,,1631.0,,147.0,,143.0,,,,1340.0,,3.0,
계,중구,2010,529.2,288.4,148.4,140.0,198.1,42.7,,3.75,529.2,141200.0,서울시,1295.1,1015.1,389.2,148.4,140.0,140.0,0.2,,765.7,726.7,7.4,2.5,
계,중구,2011,562.9,318.2,175.5,142.7,203.3,41.4,,3.98,562.9,141567.0,서울시,1267.9,981.5,420.2,175.5,142.7,142.7,0.1,,704.9,663.3,9.0,4.8,
계,중구,2012,553.4,330.5,182.6,147.9,208.6,14.3,,3.93,553.4,140807.0,서울시,1048.4,798.4,405.5,182.6,147.9,147.9,0.1,,494.9,467.9,8.1,2.5,
계,중구,2013,507.9,327.9,196.5,131.4,166.7,13.3,,3.68,507.9,137990.0,서울시,1197.3,986.0,376.5,196.5,131.4,131.4,0.1,,689.3,658.1,7.6,2.3,
계,중구,2014,504.5,317.1,187.1,130.0,168.0,19.4,,3.7,504.5,136227.0,서울시,1574.8,1365.6,374.5,187.1,130.0,130.0,,,1070.3,1048.5,7.4,2.2,
계,중구,2015,500.3,315.1,187.3,127.8,164.5,20.7,,3.72,500.3,134329.0,서울시,1328.1,1088.2,372.5,187.3,127.8,127.8,,,827.8,773.1,7.1,2.2,
계,중구,2016,499.2,312.2,186.1,126.1,167.0,20.0,,3.71,499.2,134409.0,서울시,1511.2,1274.4,373.1,186.1,126.1,126.1,,,1012.0,962.2,7.6,2.0,
계,중구,2017,446.0,225.4,118.0,107.4,183.1,37.5,,3.31,446.0,134593.0,서울시,1211.9,951.6,338.6,118.0,107.4,107.4,,,765.9,726.2,8.7,1.7,
계,중구,2018,429.7,241.5,126.7,114.8,147.0,41.2,,3.17,429.7,135633.0,서울시,1042.1,845.3,314.9,126.7,114.8,114.8,,,612.4,603.8,7.6,1.8,
계,중구,2019,413.7,224.3,136.5,87.8,133.9,55.5,,3.03,413.7,136488.0,서울시,1459.8,1265.6,297.3,107.9,116.4,116.4,0.4,0.1,1045.7,1041.2,8.4,2.4,
계,중구,2020,130842.0,72461.0,43148.0,29313.0,47006.0,11375.0,,2.66,357.5,134635.0,서울시,564935.0,504453.0,130842.0,72461.0,,,3891.0,3272.0,430202.0,428720.0,3734.0,1013.0,89.3
계,중구,2021,108816.0,50113.0,21472.0,28641.0,48862.0,9611.0,229.0,2.26,298.1,131787.0,서울시,421214.0,361109.0,108816.0,50113.0,,,703.0,623.0,311695.0,310374.0,4244.0,1189.0,85.7
계,중구,2022,118766.0,66571.0,31899.0,34672.0,43571.0,8318.0,306.0,2.49,325.4,130785.0,서울시,438390.0,386137.0,118766.0,66571.0,,,572.0,526.0,319051.0,319040.0,3446.0,890.0,88.1
계,중구,2023,132481.0,78731.0,41777.0,36954.0,45292.0,6595.0,1862.0,2.75,363.0,131793.0,서울시,346386.0,292569.0,132481.0,78731.0,,,299.0,256.0,213607.0,213582.0,2752.0,651.0,84.5
계,중구,2024,133576.0,85767.0,47751.0,38016.0,41851.0,4641.0,1318.0,2.78,365.0,131214.0,서울시,460797.0,412875.0,133576.0,85767.0,,,25473.0,25362.0,301748.0,301747.0,2404.0,707.0,89.6
계,중랑구,2000,366.8,151.0,107.0,44.0,2.6,213.2,,,,,서울시,,400.0,,144.0,,,,,,256.0,,,
계,중랑구,2001,334.6,125.9,86.1,39.8,3.1,205.6,,,,,서울시,,961.0,,126.0,,,,,,835.0,,,
계,중랑구,2002,339.9,139.0,102.0,37.0,6.3,194.6,,,,,서울시,,871.0,,139.0,,,,,,732.0,,,
계,중랑구,2003,340.2,142.2,106.6,35.6,11.3,186.7,,,,,서울시,,1526.0,,142.0,,,,,,1384.0,,,
계,중랑구,2004,319.5,163.6,91.1,72.5,6.1,149.8,,,,,서울시,,1368.0,,114.0,,50.0,,,,1204.0,,2.0,
계,중랑구,2005,342.8,221.4,140.9,80.5,5.9,115.5,,,,,서울시,,625.0,,141.0,,80.0,,,,404.0,,2.0,
계,중랑구,2006,339.6,183.7,103.7,80.1,9.1,146.8,,,,,서울시,,1975.0,,92.0,,80.0,,,,1803.0,,2.0,
계,중랑구,2007,359.3,169.7,89.0,80.7,71.2,118.4,,,,,서울시,,1064.0,,89.0,,81.0,,,,894.0,,3.0,
계,중랑구,2008,292.0,169.1,92.4,76.7,76.0,46.9,,,,,서울시,,755.0,,92.0,,77.0,,,,586.0,,3.0,
계,중랑구,2009,393.5,285.5,210.6,74.9,86.6,21.4,,0.92,393.5,429700.0,서울시,,649.0,,211.0,,75.0,,,,364.0,,2.0,
계,중랑구,2010,214.9,124.0,27.3,96.7,65.7,25.2,,0.5,214.9,432302.0,서울시,1004.5,898.2,118.2,27.3,96.7,96.7,,,789.6,774.2,2.8,0.9,
계,중랑구,2011,213.1,110.5,18.9,91.6,91.1,11.5,,0.5,213.1,428672.0,서울시,921.7,800.8,121.4,18.8,91.7,91.7,,,708.6,690.3,5.4,2.4,
계,중랑구,2012,222.5,124.5,27.1,97.4,90.8,7.2,,0.53,222.5,423655.0,서울시,841.9,731.5,125.1,27.1,97.4,97.4,,,619.4,607.0,6.4,3.6,
계,중랑구,2013,227.4,127.1,24.5,102.6,86.4,13.9,,0.54,227.4,421237.0,서울시,865.1,659.6,124.8,24.5,102.6,102.6,,,637.7,532.5,4.2,1.6,
계,중랑구,2014,369.4,262.0,159.6,102.4,83.8,23.6,,0.87,369.4,423411.0,서울시,1165.6,1053.3,267.0,159.6,102.4,102.4,,,796.2,791.3,3.9,1.0,
계,중랑구,2015,392.1,287.9,188.3,99.6,88.9,15.3,,0.94,392.1,418620.0,서울시,1252.7,1139.8,292.5,188.3,99.6,99.6,9.0,4.0,851.8,847.9,3.6,0.6,
계,중랑구,2016,387.9,283.6,190.4,93.2,90.0,14.3,,0.93,387.9,415677.0,서울시,1091.2,980.1,294.7,190.4,93.2,93.2,5.0,0.1,698.3,696.4,5.2,1.7,
계,중랑구,2017,361.3,263.5,172.8,90.7,81.7,16.1,,0.88,361.3,412780.0,서울시,1793.4,1687.5,270.6,172.8,90.7,90.7,1.8,0.4,1430.3,1423.6,4.6,0.8,
계,중랑구,2018,391.9,281.7,192.9,88.8,84.2,26.0,,0.96,391.9,408147.0,서울시,1763.1,1635.8,303.1,192.9,91.4,88.8,10.4,2.0,1358.2,1352.1,5.6,1.7,
계,중랑구,2019,330.5,223.1,186.0,37.1,89.3,17.7,0.4,0.82,330.5,402024.0,서울시,1580.8,1459.7,239.5,132.1,91.0,91.0,7.5,1.5,1242.8,1235.1,5.1,1.6,
계,중랑구,2020,123561.0,82943.0,51207.0,31736.0,33840.0,6778.0,,0.84,337.6,399562.0,서울시,439624.0,396267.0,123561.0,82943.0,,,4022.0,1974.0,312042.0,311350.0,1765.0,560.0,90.1
계,중랑구,2021,105213.0,64188.0,33497.0,30691.0,33476.0,7527.0,23.0,0.74,288.3,391885.0,서울시,492843.0,449437.0,105213.0,64188.0,,,6204.0,4126.0,381425.0,381123.0,2067.0,562.0,91.2
계,중랑구,2022,104375.0,63404.0,32872.0,30532.0,33253.0,6819.0,900.0,0.73,286.0,390140.0,서울시,316158.0,274261.0,104375.0,63404.0,,,3798.0,3256.0,207985.0,207602.0,1895.0,577.0,86.7
계,중랑구,2023,96847.0,57284.0,28112.0,29172.0,35055.0,4233.0,275.0,0.68,265.3,387470.0,서울시,201978.0,162026.0,96847.0,57284.0,,,3464.0,3412.0,101667.0,101330.0,2188.0,647.0,80.2
계,중랑구,2024,107223.0,66826.0,37464.0,29362.0,37416.0,2942.0,39.0,0.76,293.0,385349.0,서울시,317987.0,277147.0,107223.0,66826.0,,,662.0,309.0,210101.0,210013.0,2204.0,764.0,87.2
