대분류,자치구,연도,발생량,재활용_합계,재활용,음식물,소각,매립,기타,주민1인당_생활폐기물_kg_일,생활계폐기물_톤_일,주민수,재활용총량_발생량,재활용총량_재활용량,생활폐기물재활용통계_발생량,생활폐기물재활용통계_재활용량,음식물폐기물_발생량,음식물폐기물_재활용량,사업장배출시설계_발생량,사업장배출시설계_재활용량,건설폐기물_발생량,건설폐기물_재활용량,지정폐기물_발생량,지정폐기물_재활용량,재활용률,음식물총량,가정_소계,가정_단독주택,가정_공동주택,가정_소형음식점,다량배출사업장_소계,다량배출사업장_집단급식소,다량배출사업장_음식점200이상,다량배출사업장_대규모점포,다량배출사업장_농수산시장,다량배출사업장_관광숙박시설,사업장폐기물배출자_소계,사업장폐기물배출자_집단급식소,사업장폐기물배출자_음식점200이상,사업장폐기물배출자_대규모점포,사업장폐기물배출자_농수산시장,사업장폐기물배출자_관광숙박시설
계,강남구,2000,794.1,377,207,170,32.3,384.8,,,,,,594,,339,,,,,,255,,,,,,,,,,,,,,,,,,,,
계,강남구,2001,799,510.7,242.1,268.6,158.7,129.6,,,,,,574,,511,,,,,,63,,,,,,,,,,,,,,,,,,,,
계,강남구,2002,861.3,567.9,295,272.9,162.8,130.6,,,,,,599,,568,,,,32,,,,,,,,,,,,,,,,,,,,,,
계,강남구,2003,874.9,556.8,267.3,289.5,169.5,148.6,,,,,,3345,,557,,,,32,,2757,,,,,,,,,,,,,,,,,,,,
계,강남구,2004,835,541.4,242.4,299,168,125.6,,,,,,2832,,242,,299,,28,,2262,,7,,,,,,,,,,,,,,,,,,
계,강남구,2005,823.6,542.7,237.5,305.2,212.5,68.4,,,,,,1777,,238,,305,,37,,1197,,6,,,,,,,,,,,,,,,,,,
계,강남구,2006,800.4,520.4,209.9,310.5,233.4,46.6,,,,,,3066,,240,,311,,28,,2488,,6,,,,,,,,,,,,,,,,,,
계,강남구,2007,837.9,530.8,200.9,329.9,246.3,60.8,,,,,,2828,,201,,330,,87,,2210,,7,,,,,,,,,,,,,,,,,,
계,강남구,2008,942.9,581.5,239.7,341.8,193.1,168.3,,,,,,2155,,240,,342,,192,,1381,,6,,,,,,,,,,,,,,,,,,
계,강남구,2009,978.7,605.1,263.3,341.8,197.6,176,,1.72,978.7,569499,,2174,,263,,342,,116,,1452,,7,,,,,,,,,,,,,,,,,,
계,강남구,2010,990.5,632.2,291.9,340.3,136.6,221.7,,1.72,990.5,577070,2909.8,2261.8,650.2,291.9,340.3,340.3,363.1,119.2,1556.2,1510.4,64.1,6,,,,,,,,,,,,,,,,,,
계,강남구,2011,1017.3,660.5,318,342.5,315.7,41.1,,1.78,1017.3,573003,3761.4,3024.3,659.1,302.3,358.2,358.2,377.1,117.9,2367,2245.9,19.5,1.5,,,,,,,,,,,,,,,,,,
계,강남구,2012,984.9,679.8,339.8,340,234.7,70.4,,1.73,984.9,569997,4326.7,3712.7,644.9,339.8,340,340,340.4,138.4,3001.4,2894.5,63.3,4.4,,,,,,,,,,,,,,,,,,
계,강남구,2013,745.2,499.5,222.7,276.8,160.4,85.3,,1.31,745.2,569152,2710.6,2378.1,468.4,222.7,276.8,276.8,,,1965.4,1878.6,95.3,6.5,,,,,,,,,,,,,,,,,,
계,강남구,2014,808.2,556.2,213.9,342.3,143.6,108.4,,1.39,808.2,583446,2952.7,2375.3,465.9,213.9,342.3,342.3,390.4,151,1754.1,1668.1,53.8,5.9,,342.3,190.5,43.2,52.2,95.1,151.8,25,99.9,11.5,,15.4,,,,,,
계,강남구,2015,713.2,470.5,198.3,272.2,200.3,42.4,,1.23,713.2,581760,3134.6,2587.6,441,198.3,272.2,272.2,478.9,237.7,1942.5,1879.4,52.1,3.9,,272.2,192.8,47.5,56.9,88.4,79.4,20.8,44.8,8.7,,5.1,,,,,,
계,강남구,2016,707.2,474.7,188.9,285.8,77,155.5,,1.24,707.2,572140,4009.8,3156.6,421.4,188.9,285.8,285.8,581.6,,2721,2681.9,52.2,4.2,,287,188.9,42.1,52.1,94.7,98.1,22.6,55.9,9.8,,9.8,,,,,,
계,강남구,2017,708.3,474.8,213,261.8,148.6,84.9,,1.26,708.3,561052,3067.4,2354.1,446.5,213,261.8,261.8,604.8,186.9,1754.3,1692.4,51,3.6,,261.8,180.1,42.2,51.6,86.3,81.7,12,50,12,,7.7,,,,,,
계,강남구,2018,677.1,445.5,176,269.5,204.7,26.9,,1.24,677.1,547453,4789,4235.5,407.6,176,269.5,269.5,524.3,391,3587.6,3399,53.7,4.1,,269.5,177.1,38.9,47.6,90.6,92.4,19.1,51.6,14.7,,7,,,,,,
계,강남구,2019,591.2,348.2,225,123.2,197.4,44,1.6,1.07,591.2,550209,3667.2,3055.1,319.6,76.6,271.6,271.6,586.2,234.3,2489.8,2472.6,50.8,4.4,,271.6,176,45.7,38.7,91.6,68.4,12.4,53.5,1.5,,1,27.2,6.4,,12.8,,7.9
계,강남구,2020,254317,166714,77982,88732,74305,12820,478,1.28,694.9,544055,2015276,1863769,254317,166714,,,149499,88067,1611460,1608988,18547,1397,92.5,242.6,171.3,43.5,42.7,85.1,51.1,8.5,41.4,,,1.2,20.2,5.3,0.3,9.9,,4.7
계,강남구,2021,248001,161619,76884,84735,73051,13244,87,1.26,679.5,537800,1530852,1361803,248001,161619,,,150248,71937,1132603,1128246,20172,2217,89,231.1,165.8,51.4,28.2,86.2,45.6,8.9,36,,,0.7,19.7,5.6,,10.8,,3.3
계,강남구,2022,263297,163224,73249,89976,81017,16579,2477,1.35,721.4,534103,1345308,1183372,263297,163224,,,148711,88288,933301,931860,19656,1204,88,245.4,164.8,51.1,28,85.7,61.9,14.1,44,0.6,,3.1,18.8,4,0,10.2,,4.6
계,강남구,2023,261425,161437,75688,85749,85097,14630,262,1.3,716.2,550282,1242720,1048413,261425,161437,,,154303,62105,826993,824871,18166,1131,84.4,235.3,154.9,29.4,54.2,71.2,57,17.3,37,0.7,,2,23.5,4.5,1.6,10.6,,6.8
계,강남구,2024,266815,169222,88651,80570,85233,10546,1814,1.29,729,563215,1049720,878728,266815,169222,,,151389,78396,631516,631110,18614,1406,83.7,,,,,,,,,,,,,,,,,
계,강동구,2000,467.1,259.3,194,65.3,6.4,201.4,,,,,,379,,279,,,,92,,8,,,,,,,,,,,,,,,,,,,,
계,강동구,2001,505.9,301.4,222.9,78.5,7.4,197.1,,,,,,933,,301,,,,105,,527,,,,,,,,,,,,,,,,,,,,
계,강동구,2002,537.9,299.8,206.7,93.1,12.7,225.4,,,,,,621,,300,,,,110,,211,,,,,,,,,,,,,,,,,,,,
계,강동구,2003,429.2,223.3,138.3,85,6.4,199.5,,,,,,425,,223,,,,95,,107,,,,,,,,,,,,,,,,,,,,
계,강동구,2004,450.9,255.8,155.1,100.7,13.3,181.8,,,,,,1039,,162,,94,,99,,684,,3,,,,,,,,,,,,,,,,,,
계,강동구,2005,437.6,281.3,168.3,113,16.4,139.9,,,,,,1261,,168,,113,,86,,894,,0,,,,,,,,,,,,,,,,,,
계,강동구,2006,418.7,261.9,148.8,113.1,13.6,143.2,,,,,,1520,,239,,113,,0,,1168,,3,,,,,,,,,,,,,,,,,,
계,강동구,2007,386.2,241,132,109,22.8,122.4,,,,,,1443,,132,,109,,98,,1104,,3,,,,,,,,,,,,,,,,,,
계,강동구,2008,496.2,350.9,239.4,111.5,61.7,83.6,,,,,,1262,,239,,112,,99,,813,,4,,,,,,,,,,,,,,,,,,
계,강동구,2009,426.4,288.8,171.6,117.2,57.7,79.9,,0.87,426.4,489655,,1641,,172,,117,,165,,1188,,5,,,,,,,,,,,,,,,,,,
계,강동구,2010,258.5,136.4,18.1,118.3,62,60.1,,0.52,258.5,496939,1050.7,907,140.2,18.1,118.3,118.3,155.2,155.2,637,615.4,8.2,1.5,,,,,,,,,,,,,,,,,,
계,강동구,2011,262.7,141.2,15.2,126,55.3,66.2,,0.52,262.7,500516,914.4,772.1,136.7,15.2,126,126,8.6,8.6,643.1,622.3,9.1,3.5,,,,,,,,,,,,,,,,,,
계,강동구,2012,258.6,147.1,26.2,120.9,51.9,59.6,,0.52,258.6,492728,965.1,839.2,137.7,26.2,120.9,120.9,106.8,100.4,599.7,591.7,11.6,4.5,,,,,,,,,,,,,,,,,,
계,강동구,2013,246.4,131.9,10.3,121.6,52.9,61.6,,0.5,246.4,487969,1782,1647.2,124.8,10.3,121.6,121.6,143,125.7,1392.6,1389.6,10.3,1.3,,,,,,,,,,,,,,,,,,
계,강동구,2014,392.6,274.3,148.9,125.4,59.2,59.1,,0.82,392.6,481332,1065.9,932.2,267.2,148.9,125.4,125.4,17.3,13,656,644.9,12.5,5,,125.4,111.9,51.6,56.2,4.1,13.5,4.2,6.1,3.2,,,,,,,,
계,강동구,2015,412.4,304.6,173.1,131.5,63.3,44.5,,0.89,412.4,463321,1363.7,1243.7,280.9,173.1,131.5,131.5,,,951.3,939.1,13.7,3.7,,131.5,107.9,35.6,57.7,14.6,23.6,11.1,10.2,2.3,,,,,,,,
계,강동구,2016,500.2,391.4,268.9,122.5,79.6,29.2,,1.12,500.2,448471,3630.2,3440,377.7,268.9,122.5,122.5,295.9,241.5,2834.1,2807.1,13.3,3.7,,122.5,100.2,36,46.7,17.5,22.3,10.1,9.6,2.6,,,,,,,,
계,강동구,2017,375,279.8,165.3,114.5,74.1,21.1,,0.85,375,440359,2313.3,2192.3,260.5,165.3,114.5,114.5,24,23.8,1914.3,1888.7,10.7,3.1,,114.6,94,40,34.9,19.1,20.6,9.9,8.2,2.5,,,,,,,,
계,강동구,2018,370.1,268.5,158.6,109.9,61.3,40.3,,0.86,370.1,431920,2328.3,2196.2,260.2,158.6,109.9,109.9,116,115.7,1842.2,1812,11.5,2,,110,89.4,33,43.7,12.7,20.6,10,8.6,2,,,,,,,,
계,강동구,2019,419.9,283.1,165.5,117.6,74.9,40.9,21,0.95,419.9,440390,4535.3,4352.8,306.4,169.6,113.5,113.5,389,355.4,3726.4,3714.3,20.2,3.3,,113.5,90,35.6,42.8,11.6,17.5,8.2,9.2,,,,6,4,0.4,1.7,,
계,강동구,2020,134696,90881,50471,40410,26954,16699,161,0.79,368,463998,1007193,953590,134696,90881,,,114885,107411,757613,755298,5259,1551,94.7,110.4,88.9,29.1,48.2,11.6,16.5,7.3,9.3,,,,5,3.2,,1.8,,
계,강동구,2021,146616,97802,55306,42496,20752,15911,12151,0.86,401.7,466472,1087820,1027200,146616,97802,,,104025,93768,837179,835630,5639,1740,94.4,116.6,93.6,31,51.3,11.3,19.2,8.6,10.4,0.1,,,3.8,2.4,0.2,1.2,,
계,강동구,2022,126256,90128,49478,40650,19731,16367,30,0.75,345.9,464037,753567,710501,126256,90128,,,105328,98728,521982,521646,4733,1588,94.3,113.1,91.6,32.5,47.7,11.4,16.7,9.5,7.2,,,,4.8,2.9,0.3,1.7,,
계,강동구,2023,122793,87690,49144,38546,20634,14436,33,0.73,336.4,463318,589260,546547,122793,87690,,,95364,88299,371103,370558,4949,1759,92.8,105.6,88,32.4,44.7,10.9,14.5,9.2,5.2,,,,3.1,1.8,0.2,1.1,,
계,강동구,2024,129564,84538,46483,38055,33808,10643,574,0.74,354,481474,523007,471647,129564,84538,,,92905,86982,300538,300127,4468,1738,90.2,,,,,,,,,,,,,,,,,
계,강북구,2000,422.8,239.7,182,57.7,1.3,181.8,,,,,,744,,245,,,,,,499,,,,,,,,,,,,,,,,,,,,
계,강북구,2001,428.5,237.5,177.7,59.8,1.3,189.7,,,,,,1025,,238,,,,,,787,,,,,,,,,,,,,,,,,,,,
계,강북구,2002,432.3,232.7,179.4,53.3,0.2,199.4,,,,,,835,,233,,,,,,602,,,,,,,,,,,,,,,,,,,,
계,강북구,2003,387.8,191.8,153.4,38.4,1.7,194.3,,,,,,440,,192,,,,,,248,,,,,,,,,,,,,,,,,,,,
계,강북구,2004,374.9,199.5,121,78.5,5.2,170.2,,,,,,513,,152,,48,,,,313,,2,,,,,,,,,,,,,,,,,,
계,강북구,2005,354,236.6,153.4,83.2,,117.4,,,,,,1289,,154,,83,,,,1052,,1,,,,,,,,,,,,,,,,,,
계,강북구,2006,350.4,235.9,155.4,80.5,6.5,108,,,,,,657,,144,,81,,1,,432,,1,,,,,,,,,,,,,,,,,,
계,강북구,2007,346,230.5,146,84.5,40.9,74.6,,,,,,872,,146,,85,,,,641,,2,,,,,,,,,,,,,,,,,,
계,강북구,2008,327.3,231.8,143.5,88.3,54.2,41.3,,,,,,1028,,144,,88,,,,796,,2,,,,,,,,,,,,,,,,,,
계,강북구,2009,315.7,223.3,133.6,89.7,76,16.4,,0.92,315.7,343912,,942,,134,,90,,,,719,,2,,,,,,,,,,,,,,,,,,
계,강북구,2010,233.4,145.4,56.9,88.5,77.2,10.8,,0.67,233.4,350007,901.2,792.1,144.9,56.9,88.5,88.5,,,667.8,646.7,5.5,3.8,,,,,,,,,,,,,,,,,,
계,강북구,2011,242.9,157.6,69.3,88.3,75,10.3,,0.7,242.9,348740,798.9,683,154.5,69.2,88.4,88.4,37,37,519,488.4,12.9,3.1,,,,,,,,,,,,,,,,,,
계,강북구,2012,242.5,164.4,74.7,89.7,76.1,2,,0.7,242.5,346493,875.6,794.2,152.8,74.7,89.7,89.7,16,16,617.1,613.8,5.7,3.4,,,,,,,,,,,,,,,,,,
계,강북구,2013,232.6,156.1,68.4,87.7,69.9,6.6,,0.68,232.6,341921,832.6,754.4,144.9,68.4,87.7,87.7,12.8,12.8,587.2,585.5,5.2,3.5,,,,,,,,,,,,,,,,,,
계,강북구,2014,232,150.3,62.6,87.7,66.2,15.5,,0.69,232,338410,744.2,661.2,144.3,62.6,87.7,87.7,10.4,10.4,501.8,500.5,3.1,1.5,,87.7,81.5,49.4,23.9,8.2,6.2,2.3,2.7,0.9,,0.3,,,,,,
계,강북구,2015,230.2,152.7,64.1,88.6,66,11.5,,0.69,230.2,334426,1049.9,970.6,141.6,64.1,88.6,88.6,,,819.7,817.9,5.7,1.9,,88.6,78.8,40.3,25.4,13.1,9.8,4,4.8,0.6,,0.4,,,,,,
계,강북구,2016,230,154.8,70.3,84.5,67.2,8,,0.7,230,330704,885.1,808.2,145.5,70.3,84.5,84.5,,,655.1,653.4,3.9,1.7,,84.5,75.3,37,23.4,14.9,9.2,3.9,4.4,0.6,,0.3,,,,,,
계,강북구,2017,224.9,153.7,74.9,78.8,64.6,6.6,,0.69,224.9,328002,908.1,835.6,146.1,74.9,78.8,78.8,,,683.2,681.9,3.3,1.3,,78.7,69.5,33.3,23.3,12.9,9.2,4.2,4,0.8,,0.2,,,,,,
계,강북구,2018,230.6,155.4,79.5,75.9,69.1,6.1,,0.71,230.6,322915,832.8,755.8,154.7,79.5,75.9,75.9,,,602.2,600.4,3.5,1.1,,75.9,68.1,32,24,12.1,7.8,3.7,3.5,0.5,,0.1,,,,,,
계,강북구,2019,251.2,175.3,101.7,73.6,69,6.9,,0.79,251.2,317695,847.5,770.8,177.7,101.8,73.5,73.5,,,596.3,595.5,3.5,1.3,,73.5,65.8,30.3,22.8,12.7,6.9,3.8,3,,,0.1,0.8,,,0.8,,
계,강북구,2020,88989,53419,28260,25158,32484,3086,,0.78,243.1,311569,305460,268679,88989,53419,,,702,29,215768,215232,1351,458,88,68.7,63.3,32.8,21,9.5,4.7,2.6,2.1,,,0.1,0.7,,,0.7,,
계,강북구,2021,94407,63804,40369,23436,25501,2504,2597,0.85,258.6,302563,360811,329745,94407,63804,,,386,,266018,265940,1604,519,91.4,64.3,58.6,32.1,19.1,7.4,5.2,3.3,1.8,,,0.1,0.5,,,0.5,,
계,강북구,2022,89627,61272,38208,23065,24914,2157,1284,0.83,245.6,297702,269837,241345,89627,61272,,,666,666,179543,179407,1616,502,89.4,63.2,56.6,32.9,17,6.7,6.1,3.7,2.3,,,0.1,0.5,,,0.5,,
계,강북구,2023,88886,62128,40003,22125,24499,2223,35,0.83,243.5,292977,211964,184974,88886,62128,,,412,192,122666,122655,1492,578,87.3,60.6,53.3,27.3,16.9,9.1,6.7,3.8,2.9,,,0,0.5,,,0.5,,
계,강북구,2024,83607,57254,35218,22037,24101,2252,,0.79,228.4,289374,247351,220965,83607,57254,,,45,45,163698,163666,1760,912,89.3,,,,,,,,,,,,,,,,,
계,강서구,2000,532.6,256,215,41,6.1,270.5,,,,,,1182,,249,,,,35,,898,,,,,,,,,,,,,,,,,,,,
계,강서구,2001,567.5,287.3,240.2,47.1,10.8,269.4,,,,,,3436,,287,,,,21,,3127,,,,,,,,,,,,,,,,,,,,
계,강서구,2002,560.3,295.7,248.3,47.4,7.4,257.2,,,,,,3737,,296,,,,14,,3427,,,,,,,,,,,,,,,,,,,,
계,강서구,2003,594,357.6,279.1,78.5,12.3,224.1,,,,,,1172,,358,,,,127,,688,,,,,,,,,,,,,,,,,,,,
계,강서구,2004,510.4,299.5,186.5,113,11.9,199,,,,,,2437,,188,,112,,77,,2061,,4,,,,,,,,,,,,,,,,,,
계,강서구,2005,507.6,338.3,164.5,173.8,15.7,153.6,,,,,,1583,,164,,174,,209,,1036,,3,,,,,,,,,,,,,,,,,,
계,강서구,2006,444.5,283.3,94.6,188.7,12.5,148.7,,,,,,3487,,173,,189,,9,,3117,,2,,,,,,,,,,,,,,,,,,
계,강서구,2007,537.8,339.2,148.5,190.7,94.8,103.8,,,,,,1756,,148,,191,,164,,1253,,3,,,,,,,,,,,,,,,,,,
계,강서구,2008,520.5,378.3,173.3,205,88.6,53.6,,,,,,1920,,173,,205,,276,,1265,,3,,,,,,,,,,,,,,,,,,
계,강서구,2009,570.9,449.7,237.2,212.5,60.4,60.8,,0.99,570.9,579196,,1595,,237,,213,,253,,892,,2,,,,,,,,,,,,,,,,,,
계,강서구,2010,671.4,450,235.3,214.7,77.2,144.2,,1.16,671.4,580506,3354,2434.1,456.7,235.3,214.7,214.7,753.1,118.3,1929.5,1865.8,9.9,2.8,,,,,,,,,,,,,,,,,,
계,강서구,2011,429.8,316.1,112.1,204,91.2,22.5,,0.75,429.8,575846,4880.2,3596.3,225.7,112,204.1,204.1,695.6,25.3,3754.8,3254.9,16.1,7.5,,,,,,,,,,,,,,,,,,
계,강서구,2012,399.1,286.1,86.5,199.6,96.8,16.2,,0.7,399.1,573794,3737.5,2236.8,199.5,86.5,199.6,199.6,772.3,212,2566.1,1738.7,7.1,2.2,,,,,,,,,,,,,,,,,,
계,강서구,2013,370.2,242.7,81.6,161.1,103.6,23.9,,0.64,370.2,575236,3174.1,2144.3,199.5,81.6,170.7,161.1,726.5,250.5,2077.4,1651.1,8.8,1.5,,,,,,,,,,,,,,,,,,
계,강서구,2014,436.8,305.4,135.3,170.1,102.3,29.1,,0.74,436.8,591653,3225.7,2401.7,266.7,135.3,170.1,170.1,643.8,126.8,2145.1,1969.5,7.9,2.9,,170.2,128.1,57.7,43.2,27.2,42.1,9.8,12.1,5.1,13.9,1.2,,,,,,
계,강서구,2015,434.2,306.7,127.9,178.8,104.3,23.2,,0.73,434.2,595691,3970.2,2606.8,255.4,127.9,178.8,178.8,674.7,126,2861.3,2174.1,7.2,2.2,,178.8,129.7,53.9,46,29.8,49.1,11.4,12.6,5.7,19.2,0.2,,,,,,
계,강서구,2016,425.3,290.8,110.9,179.9,112.2,22.3,,0.71,425.3,602104,3846.3,2759,245.4,110.9,179.9,179.9,658,120.8,2763,2347.4,8.5,2.1,,178.2,130.7,55,47.4,28.3,47.5,11.2,13.2,6.6,16.3,0.2,,,,,,
계,강서구,2017,463.7,329.4,160.9,168.5,106.4,27.9,,0.76,463.7,608255,3897.1,2882.9,295.2,160.9,168.5,168.5,712.3,121.7,2721.1,2431.8,8.2,2.1,,168.5,128.4,53.2,46.4,28.8,40.1,12.3,12.3,3.5,11.9,0.1,,,,,,
계,강서구,2018,480,336.4,173.3,163.1,115.7,27.9,,0.8,480,603611,3779.2,2774.9,316.9,173.3,163.1,163.1,687.9,135.7,2611.3,2302.8,12.6,4.6,,163.1,126.8,52.1,45.1,29.6,36.3,12.8,10.7,3.8,8,1,,,,,,
계,강서구,2019,599.4,446.2,286,160.2,115.5,35.7,2,1,599.4,598273,2938.2,2210.5,434.4,281.2,165,165,515,55.4,1823.8,1708.9,11.3,3.3,,165,129,6.2,96.9,25.9,23.1,11.3,11.7,0.1,,0.1,12.9,1.6,,3.9,6.2,1.2
계,강서구,2020,192797,133861,81134,52728,37921,20583,431,0.9,526.8,585901,1799251,1330417,192797,133861,,,300172,37894,1306283,1158663,4692,1180,73.9,144.1,114.3,5.4,84.5,24.4,17.1,7.9,8.9,,,0.3,12.7,2.1,0.4,2.7,6.5,0.9
계,강서구,2021,751795,212856,165418,47438,38987,229973,269979,3.55,2059.7,579768,1805962,1029615,751795,212856,,,283001,49136,771167,767623,5052,1267,57,131.3,103.7,12.5,71,20.2,17.7,8.6,8.8,,,0.3,9.9,3.1,,3.2,3.7,
계,강서구,2022,585756,274273,228116,46157,46052,22085,243346,2.79,1604.8,574638,1707507,1225583,585756,274273,,,245427,75159,876324,876151,5221,1398,71.8,128.7,98.8,12.4,70.2,16.2,19.7,12.2,7,,,0.5,10.2,3.6,,3.2,2.6,0.8
계,강서구,2023,490315,221810,178033,43777,48403,15035,205068,2.36,1343.3,568826,1737168,1229541,490315,221810,,,355548,117035,891305,890697,5157,1161,70.8,122.3,93.4,11.5,65.1,16.9,16.1,9.8,6.2,,,0.1,12.8,5,1,2.6,3.3,0.8
계,강서구,2024,590910,270188,225445,44743,50371,14385,255967,2.87,1614.5,562194,1851172,1254984,590910,270188,,,394974,120157,865288,864639,6893,1979,67.8,,,,,,,,,,,,,,,,,
계,관악구,2000,449,165.5,130,35.5,6.2,277.3,,,,,,294,,166,,,,,,128,,,,,,,,,,,,,,,,,,,,
계,관악구,2001,501.2,172.9,134.1,38.8,8.4,319.9,,,,,,366,,173,,,,,,193,,,,,,,,,,,,,,,,,,,,
계,관악구,2002,520.6,216.6,180.1,36.5,9,295,,,,,,810,,217,,,,,,593,,,,,,,,,,,,,,,,,,,,
계,관악구,2003,563.1,280.3,238.3,42,12.5,270.3,,,,,,600,,280,,,,,,320,,,,,,,,,,,,,,,,,,,,
계,관악구,2004,583.4,337.2,234.2,103,9.9,236.3,,,,,,772,,247,,90,,,,435,,3,,,,,,,,,,,,,,,,,,
계,관악구,2005,551,362.2,244.4,117.8,15.6,173.2,,,,,,796,,244,,118,,,,434,,2,,,,,,,,,,,,,,,,,,
계,관악구,2006,581.7,380,249.8,130.3,5.7,196,,,,,,1016,,257,,130,,3,,626,,1,,,,,,,,,,,,,,,,,,
계,관악구,2007,569.3,387.2,253.4,133.8,13.5,168.6,,,,,,1049,,253,,134,,,,662,,3,,,,,,,,,,,,,,,,,,
계,관악구,2008,540.3,385.4,256.7,128.7,8,146.9,,,,,,1082,,257,,129,,,,696,,1,,,,,,,,,,,,,,,,,,
계,관악구,2009,474.4,326,199.9,126.1,7,141.4,,0.87,474.4,547311,,1338,,200,,126,,2,,1010,,2,,,,,,,,,,,,,,,,,,
계,관악구,2010,340,163,35,128,21,156,,0.62,340,549736,1252.9,1052.9,212,35,128,128,16,,896.9,889.9,5.9,2.5,,,,,,,,,,,,,,,,,,
계,관악구,2011,321,157.4,36.8,120.6,7.6,156,,0.59,321,546350,1128.6,959.1,225.9,62.3,95.1,95.1,,,807.6,801.7,4.6,1.3,,,,,,,,,,,,,,,,,,
계,관악구,2012,317.6,187.5,65.9,121.6,21,109.1,,0.59,317.6,540520,1201.4,1060.8,196,65.9,121.6,121.6,2.9,2.9,880.9,870.4,6.3,2.6,,,,,,,,,,,,,,,,,,
계,관악구,2013,315.5,179.9,64.5,115.4,26.8,108.8,,0.59,315.5,535128,1169.2,1024.1,200.1,64.5,115.4,115.4,2.4,2.4,851.3,841.8,7.3,3.2,,,,,,,,,,,,,,,,,,
계,관악구,2014,354.3,218.2,99.1,119.1,31.9,104.2,,0.67,354.3,531960,1112.8,969.4,235.2,99.1,119.1,119.1,3.5,3.5,755,747.7,6.5,1.8,,119.1,100.4,53.4,34.1,12.9,18.7,6.9,10.2,1.6,,,,,,,,
계,관악구,2015,337.9,209.7,92.9,116.8,30.1,98.1,,0.64,337.9,529031,1319.5,1185.9,221.1,92.9,116.8,116.8,18.6,18.6,963,957.6,8.2,2.9,,116.8,99.8,54.1,34.5,11.2,17,6.6,8.9,1.5,,,,,,,,
계,관악구,2016,339.7,212.9,97.6,115.3,55.1,71.7,,0.65,339.7,525607,1523.3,1391,224.4,97.6,115.3,115.3,0.7,0.7,1182.9,1177.4,9.7,4.3,,115.3,98.4,55.2,30.8,12.4,16.9,6.6,9,1.3,,,,,,,,
계,관악구,2017,361.8,231.4,121.2,110.2,66.6,63.8,,0.69,361.8,520929,1422.8,1282.3,251.6,121.2,110.2,110.2,0.1,,1060.9,1050.9,7.5,2.9,,110.3,93.6,50,29.4,14.2,16.7,6.7,8.9,1.1,,,,,,,,
계,관악구,2018,436.8,315.9,205.6,110.3,36.7,84.2,,0.84,436.8,520040,1506.9,1377.6,326.5,205.6,110.3,110.3,1.3,1.3,1068.8,1060.4,7.8,2.9,,110.3,93.9,49.7,29.6,14.6,16.4,6.2,9.2,1,,,,,,,,
계,관악구,2019,434.7,313.2,221.9,91.3,37.7,83.7,0.1,0.84,434.7,517334,1658.6,1530.2,329.1,207.6,105.6,105.6,0.4,0.4,1223.5,1216.6,7.9,3,,105.6,90.7,48.7,29.4,12.6,14.1,5.7,7.9,0.5,,,0.8,,,0.8,,
계,관악구,2020,146977,103521,69067,34454,11177,32279,,0.79,401.6,509803,594421,550115,146977,103521,,,355,299,447090,446296,2654,1140,92.5,94.2,85.6,53,18.6,14,7.1,2.4,4.8,,,,1.5,0.7,,0.8,,
계,관악구,2021,146143,87868,54392,33476,40409,17867,,0.8,400.4,499449,631167,572074,146143,87868,,,12576,12565,472448,471641,3081,1197,90.6,91.8,83.2,45.7,20.5,17,7.5,3.8,3.6,0.1,,,1.1,0.6,,0.5,,
계,관악구,2022,161574,109513,75883,33630,32082,19980,,0.88,442.7,501226,489967,437884,161574,109513,,,230,230,328164,328142,3025,1027,89.4,92.5,82.4,42.9,18.9,20.5,8.2,4.2,3.9,0,,,1.9,,0.1,1.9,,
계,관악구,2023,146875,97385,65990,31395,31360,18067,63,0.81,402.4,497883,398470,348919,146875,97385,,,857,846,250737,250688,2818,855,87.6,86,75.6,41.6,17.7,16.3,9.3,4.4,4.9,,,,1.1,0.2,,0.9,,
계,관악구,2024,149864,111384,80526,30858,24650,13830,,0.83,409.5,495620,345294,306716,149864,111384,,,749,708,194682,194624,2793,864,88.8,,,,,,,,,,,,,,,,,
계,광진구,2000,352.8,155,113,42,5.1,192.7,,,,,,346,,158,,,,34,,154,,,,,,,,,,,,,,,,,,,,
계,광진구,2001,356.8,132.6,86.9,45.7,5.6,218.6,,,,,,1115,,133,,,,57,,926,,,,,,,,,,,,,,,,,,,,
계,광진구,2002,475,247.6,202.3,45.3,7.6,219.8,,,,,,1203,,248,,,,58,,898,,,,,,,,,,,,,,,,,,,,
계,광진구,2003,465.1,285.4,229.1,56.3,8.9,170.8,,,,,,1314,,285,,,,41,,988,,,,,,,,,,,,,,,,,,,,
계,광진구,2004,470.6,304.7,231.7,73,8.1,157.8,,,,,,658,,238,,67,,51,,303,,2,,,,,,,,,,,,,,,,,,
계,광진구,2005,410.4,302.5,198.2,104.3,9.6,98.3,,,,,,995,,198,,104,,42,,651,,2,,,,,,,,,,,,,,,,,,
계,광진구,2006,437.6,308.2,204.7,103.5,13.6,115.8,,,,,,1104,,151,,104,,5,,844,,2,,,,,,,,,,,,,,,,,,
계,광진구,2007,357.2,226.4,131,95.4,41.6,89.2,,,,,,736,,131,,95,,59,,451,,2,,,,,,,,,,,,,,,,,,
계,광진구,2008,376.3,246.4,151.3,95.1,89.4,40.5,,,,,,943,,151,,95,,47,,650,,1,,,,,,,,,,,,,,,,,,
계,광진구,2009,382.7,278.3,178.8,99.5,89,15.4,,0.99,382.7,386513,,833,,179,,100,,52,,503,,2,,,,,,,,,,,,,,,,,,
계,광진구,2010,392.3,288.6,188.5,100.1,76,27.7,,1.01,392.3,388775,1145.9,1038.5,292.2,188.5,100.1,100.1,41.1,41.1,712.5,708.8,5.6,2.2,,,,,,,,,,,,,,,,,,
계,광진구,2011,365.2,270.5,165.6,104.9,64,30.7,,0.94,365.2,386673,1184.3,1087,260.4,165.7,104.8,104.8,39.4,39.4,779.7,777.1,8.1,3.7,,,,,,,,,,,,,,,,,,
계,광진구,2012,368.5,276.6,163.7,112.9,68.6,23.3,,0.96,368.5,384269,1037.8,940.2,255.6,163.7,112.9,112.9,15.1,15.1,654.2,648.5,5.5,1.7,,,,,,,,,,,,,,,,,,
계,광진구,2013,379.3,285.8,186.9,98.9,66.3,27.2,,0.99,379.3,381439,1023,925.3,280.4,186.9,98.9,98.9,14,14,629.7,625.5,5.1,1.6,,,,,,,,,,,,,,,,,,
계,광진구,2014,348.9,254.6,150.1,104.5,60.2,34.1,,0.92,348.9,377375,1099.4,997.2,244.4,150.1,104.5,104.5,11.6,11.6,738.9,731,5.8,1.8,,104.5,87.2,57.3,20.9,9,17.3,4.1,8.1,2.6,,2.5,,,,,,
계,광진구,2015,339.4,250.4,146.2,104.2,61.4,27.6,,0.9,339.4,375180,1719.8,1622,235.2,146.2,104.2,104.2,13.2,13.2,1367.2,1358.4,6.5,2.1,,104.2,85.9,57.2,20.3,8.4,18.3,6.8,7.8,2.5,,1.2,,,,,,
계,광진구,2016,326.3,240.8,138.2,102.6,64.1,21.4,,0.88,326.3,372104,1457.4,1363.8,223.7,138.2,102.6,102.6,24.1,24.1,1107,1098.9,6.8,2,,102.6,82.3,55.2,19.2,7.9,20.3,4.4,6.8,5.9,,3.2,,,,,,
계,광진구,2017,319.2,239.3,140.2,99.1,61.6,18.3,,0.86,319.2,372298,1090.9,1002.8,220.1,140.2,99.1,99.1,22.3,22.2,749.4,741.3,6.2,1.4,,99,77.8,52.4,18.5,6.9,21.2,5.1,5.4,5.5,,5.2,,,,,,
계,광진구,2018,342.5,263.3,168.2,95.1,57.5,21.7,,0.92,342.5,371063,1250.8,1164.8,247.4,168.2,95.1,95.1,20.1,20,888.2,881.5,7.3,1.9,,95.1,77.4,51.9,19.2,6.3,17.7,5.2,4.9,2.7,,4.9,,,,,,
계,광진구,2019,333.9,253.2,158.7,94.5,59.1,21.2,0.4,0.91,333.9,366972,1373.2,1289.3,241.2,160.5,92.7,92.7,26.5,26.4,1012.8,1009.7,6.2,1.1,,92.7,76.7,53.9,15.7,7.1,9.3,4.6,4.6,,,0,6.7,,,2.5,,4.1
계,광진구,2020,125579,87415,55637,31778,30325,7823,15,0.95,343.1,360109,577749,536415,125579,87415,,,12796,12629,439375,436370,2310,525,92.8,86.8,73.5,52.4,15.4,5.6,6,2.9,3.2,,,,7.3,,,2.8,,4.4
계,광진구,2021,91428,62681,32505,30176,18288,10459,,0.71,250.5,352627,441364,411748,91428,62681,,,2458,2352,347478,346716,2742,693,93.3,82.7,69.3,39.7,19.8,9.8,6.3,3.5,2.7,,,0,7.1,,,2.6,,4.5
계,광진구,2022,120644,95246,64919,30328,16497,8595,306,0.94,330.5,351252,346006,320483,120644,95246,,,2278,2214,223084,223023,2775,549,92.6,83.3,68.7,34.5,18.8,15.4,7,3.9,3.1,,,0.1,7.6,0.1,,2.4,,5
계,광진구,2023,104709,67412,36984,30428,29242,8048,8,0.82,286.9,351180,219608,182281,104709,67412,,,2011,1994,112888,112875,2412,556,83,83.4,67.8,23.8,20.5,23.5,8.8,5.1,3.7,,,0,6.8,0.2,,2.4,,4.2
계,광진구,2024,107234,71082,41987,29096,27968,8176,8,0.84,293,348652,263852,227069,107234,71082,,,1264,646,155354,155341,2216,483,86.1,,,,,,,,,,,,,,,,,
계,구로구,2000,351.7,168,112,56,41.3,142.4,,,,,,402,,182,,,,,,220,,,,,,,,,,,,,,,,,,,,
계,구로구,2001,405.2,215.5,142.6,72.9,119,70.7,,,,,,719,,216,,,,4,,499,,,,,,,,,,,,,,,,,,,,
계,구로구,2002,425.9,232.1,163,69.1,103.1,90.7,,,,,,510,,232,,,,2,,275,,,,,,,,,,,,,,,,,,,,
계,구로구,2003,444.2,259.4,175.7,83.7,111.8,73,,,,,,489,,259,,,,5,,225,,,,,,,,,,,,,,,,,,,,
계,구로구,2004,385.9,227.5,142.5,85,112.3,46.1,,,,,,393,,143,,85,,2,,163,,21,,,,,,,,,,,,,,,,,,
계,구로구,2005,416.6,246.1,146.1,100,123.3,47.2,,,,,,1104,,146,,100,,8,,850,,3,,,,,,,,,,,,,,,,,,
계,구로구,2006,440.3,280.3,170.9,109.4,133.8,26.2,,,,,,1362,,181,,109,,5,,1067,,2,,,,,,,,,,,,,,,,,,
계,구로구,2007,435.7,282.6,173,109.6,128.4,24.7,,,,,,1565,,173,,110,,3,,1279,,4,,,,,,,,,,,,,,,,,,
계,구로구,2008,441.8,295.4,181,114.4,128.5,17.9,,,,,,1147,,181,,114,,5,,846,,3,,,,,,,,,,,,,,,,,,
계,구로구,2009,430.1,290.6,178.8,111.8,129.6,9.9,,0.96,430.1,449613,,1345,,179,,112,,5,,1049,,2,,,,,,,,,,,,,,,,,,
계,구로구,2010,308.1,170.1,62.1,108,129,9,,0.68,308.1,452667,1277,1097.3,200.1,62.1,108,108,6.7,5.4,962.2,921.8,8.7,2,,,,,,,,,,,,,,,,,,
계,구로구,2011,276.7,139,33,106,119,18.7,,0.6,276.7,458908,1647,1481.9,170.7,33,106,106,5.4,4.3,1364.9,1338.6,6,2.1,,,,,,,,,,,,,,,,,,
계,구로구,2012,285.7,152.4,38.8,113.6,128.8,4.5,,0.63,285.7,454478,1197.8,1006.2,172.1,38.8,113.6,113.6,4.7,3.5,907.4,850.3,8.6,2.8,,,,,,,,,,,,,,,,,,
계,구로구,2013,278.5,139.7,31,108.7,122.3,16.5,,0.62,278.5,452168,974,759,169.8,31,108.7,108.7,4.6,3.4,690.9,615.9,7,2.3,,,,,,,,,,,,,,,,,,
계,구로구,2014,322.5,186.9,70.3,116.6,118.3,17.3,,0.71,322.5,457131,1002.1,790.3,205.9,70.3,116.6,116.6,4.8,3.6,674.8,599.8,12.8,3.3,,116.6,95.9,30.5,50.5,14.9,20.7,3.9,8.5,8.3,,,,,,,,
계,구로구,2015,314.7,176.4,64.2,112.2,114.3,24,,0.69,314.7,454604,1175.7,951.7,202.5,64.2,112.2,112.2,5,3.7,856,771.6,13.9,3.6,,112.2,87.5,31.8,41.9,13.8,24.7,6.3,6.3,11.7,,0.4,,,,,,
계,구로구,2016,318.2,177.2,64.3,112.9,107.4,33.6,,0.71,318.2,449600,1445.2,1235.9,205.3,64.3,112.9,112.9,4.9,1.3,1122.1,1057.4,14.7,3.4,,112.9,80.7,32.3,33.2,15.2,32.2,6.6,7.1,18.1,,0.4,,,,,,
계,구로구,2017,310.8,174.5,72.2,102.3,107.7,28.6,,0.7,310.8,441559,1454.2,1250.5,208.5,72.2,102.3,102.3,4.2,1.4,1139.2,1074.6,8.2,2,,102.3,76.8,30.7,31.5,14.6,25.5,7.1,7.3,10.4,,0.7,,,,,,
계,구로구,2018,319.4,172.8,76,96.8,119.6,27,,0.73,319.4,438486,1423.5,1210.2,222.6,76,96.8,96.8,3.8,1.3,1100.3,1036.1,9.7,2.3,,96.8,72.4,27.3,30.8,14.3,24.4,8,8.5,6.9,,1,,,,,,
계,구로구,2019,326.5,171,74.1,96.9,124.5,30.9,0.1,0.74,326.5,439371,1324.8,1109.2,231.9,76.4,94.6,94.6,3.6,3.2,994.7,935,8.6,2.2,,94.6,68.8,3.8,32.7,32.3,17.7,6.7,7.2,2.5,,1.2,8.1,1.8,,6.3,,
계,구로구,2020,120646,63150,33108,30042,39947,17541,8,0.76,329.6,432488,464794,394853,120646,63150,,,749,618,343400,331085,3141,909,85,82.2,63.1,17.6,28.3,17.1,14.5,5.7,5.8,2.5,,0.5,4.6,1,,3.5,,
계,구로구,2021,136224,76846,46994,29852,40405,18687,287,0.89,373.2,421163,443574,363386,136224,76846,,,980,867,306369,285674,3901,1112,81.9,81.8,63.1,19,30.5,13.6,13.3,6.4,4.6,1.7,,0.6,5.4,1.4,,4,,
계,구로구,2022,134033,80101,51349,28752,37846,15879,208,0.88,367.2,418418,509276,455054,134033,80101,,,1581,1493,373662,373460,3636,1089,89.4,77.4,59.5,16.5,26.5,16.5,13.6,5.9,5.2,1.7,,0.8,4.2,1.1,,3.1,,
계,구로구,2023,171610,119509,91264,28245,39364,12648,89,1.13,470.2,415651,442207,389916,171610,119509,,,1504,1371,269093,269036,3443,979,88.2,77.4,58.4,15.2,24.7,18.5,13.1,6.2,5.3,0.5,,1.1,5.9,,,5.9,,
계,구로구,2024,122831,71343,43017,28325,44102,7011,375,0.81,335.6,411916,298919,243815,122831,71343,,,4102,734,171986,171739,3490,1159,81.6,,,,,,,,,,,,,,,,,
계,금천구,2000,321.7,162.7,133,29.7,5.5,153.5,,,,,,479,,153,,,,3,,323,,,,,,,,,,,,,,,,,,,,
계,금천구,2001,365.4,204.7,155,49.7,8.3,152.4,,,,,,498,,205,,,,3,,290,,,,,,,,,,,,,,,,,,,,
계,금천구,2002,342.8,188.5,145.6,42.9,8.6,145.7,,,,,,402,,189,,,,2,,212,,,,,,,,,,,,,,,,,,,,
계,금천구,2003,342,199.5,146.6,52.9,10.4,132.1,,,,,,939,,200,,,,2,,738,,,,,,,,,,,,,,,,,,,,
계,금천구,2004,324.7,192,139.7,52.3,5.9,126.8,,,,,,314,,146,,46,,2,,120,,4,,,,,,,,,,,,,,,,,,
계,금천구,2005,312.7,207.1,142.3,64.8,5.1,100.5,,,,,,1032,,142,,65,,3,,822,,4,,,,,,,,,,,,,,,,,,
계,금천구,2006,302.1,193.8,127.6,66.2,9,99.3,,,,,,436,,55,,66,,2,,312,,3,,,,,,,,,,,,,,,,,,
계,금천구,2007,316.8,200.9,128.8,72.1,22.1,93.8,,,,,,1226,,129,,72,,6,,1019,,4,,,,,,,,,,,,,,,,,,
계,금천구,2008,222.3,133.6,55.2,78.4,4.5,84.2,,,,,,1665,,55,,78,,4,,1528,,3,,,,,,,,,,,,,,,,,,
계,금천구,2009,272.8,192,112.9,79.1,6,74.8,,1.04,272.8,263116,,861,,113,,79,,4,,665,,9,,,,,,,,,,,,,,,,,,
계,금천구,2010,196.7,136.5,56.4,80.1,5.6,54.6,,0.74,196.7,264544,707.2,586.4,116.6,56.4,80.1,80.1,10.7,4.6,499.8,445.3,9,5,,,,,,,,,,,,,,,,,,
계,금천구,2011,221.2,128.1,48.3,79.8,6.7,86.4,,0.84,221.2,264256,956.9,780.1,139.7,46.6,81.5,81.5,6.7,2.4,729,649.6,20.2,12.7,,,,,,,,,,,,,,,,,,
계,금천구,2012,223.5,137.2,61.8,75.4,14.2,72.1,,0.86,223.5,260734,839.7,644.3,148.1,61.8,75.4,75.4,1.6,0.9,614.6,506.2,9.3,4,,,,,,,,,,,,,,,,,,
계,금천구,2013,180.2,99,31.2,67.8,8.1,73.1,,0.7,180.2,258254,749.8,615.8,112.4,31.2,67.8,67.8,1.6,0.8,568,516,10.2,5.8,,,,,,,,,,,,,,,,,,
계,금천구,2014,250.6,166.5,98.1,68.4,7.7,76.4,,0.97,250.6,258030,808.8,671.7,182.2,98.1,68.4,68.4,1.8,0.9,556.4,504.3,9.6,5.4,,68.4,52.8,24.6,11.4,16.8,15.6,4.6,6.5,4.1,,0.4,,,,,,
계,금천구,2015,240.1,171.5,105.7,65.8,0.7,67.9,,0.94,240.1,256167,889.3,713.3,174.3,105.7,65.8,65.8,0.9,0.5,648.3,541.3,10.1,5.2,,65.8,53.3,33.4,11.2,8.7,12.5,3.7,5.2,3.3,,0.3,,,,,,
계,금천구,2016,239.6,170,105.3,64.7,0.8,68.8,,0.94,239.6,254654,1194.3,1052.6,174.9,105.3,64.7,64.7,0.9,0.5,953.8,882.1,9.7,5,,64.7,50.7,31,10.9,8.8,14,3.3,6.6,3.8,,0.3,,,,,,
계,금천구,2017,241.8,170,110.4,59.6,0.8,71,,0.95,241.8,253491,1420.9,1276,182.2,110.4,59.6,59.6,3.7,2.9,1175.4,1103.1,9.1,3.4,,59.6,48,28.8,10.7,8.5,11.6,3.8,4.3,3.2,,0.3,,,,,,
계,금천구,2018,248.8,175.2,116.2,59,1.3,72.3,,0.98,248.8,254021,1399.2,1258.6,189.8,116.2,59,59,0.7,0.3,1149.7,1083.1,6.3,2.2,,59,47.1,28.9,10.6,7.6,11.9,4,5.5,2.2,,0.2,,,,,,
계,금천구,2019,286.7,198,135.5,62.5,0.1,88.6,,1.14,286.7,251820,1931.2,1796.7,227.6,138.9,59.1,59.1,2.1,0.8,1642.4,1597.9,5.7,1.8,,59.1,46.8,29.2,10.5,7.1,9.7,4.6,4.3,0.5,,0.3,2.6,,,2.6,,
계,금천구,2020,100451,69075,48929,20146,5749,24736,891,1.11,274.5,247835,1386371,1329639,100451,69075,,,3226,2662,1282695,1257902,2514,995,95.9,55,44.6,26.4,10.5,7.8,8.8,3.9,4.7,,,0.2,1.6,,,1.6,,
계,금천구,2021,98645,62226,41962,20265,11718,24175,525,1.1,270.3,244891,491736,439256,98645,62226,,,447,142,392645,376888,2595,1037,89.3,55.5,44.8,27.3,10.3,7.2,9,4.3,4.5,,,0.1,1.7,,,1.7,,
계,금천구,2022,99931,65228,45141,20087,11294,22984,425,1.13,273.8,242818,416510,381317,99931,65228,,,1291,897,315288,315193,2873,1220,91.6,55.2,43.1,25.2,9.9,7.9,9.9,4.2,4.4,1.3,,0.1,2.2,,,2.2,,
계,금천구,2023,101244,64988,45608,19380,11071,21475,3710,1.15,277.4,241105,364034,327268,101244,64988,,,858,361,261932,261919,2818,1011,89.9,53.1,40.9,23.8,9.7,7.3,10.1,4.4,5.6,,,0.1,2.2,,,2.2,,
계,금천구,2024,96694,64032,44733,19299,10564,21528,570,1.11,264.2,239070,222620,189467,96694,64032,,,3077,2620,122849,122816,2969,1157,85.1,,,,,,,,,,,,,,,,,
계,노원구,2000,489.1,232.7,160,72.7,245,11.4,,,,,,573,,214,,,,,,359,,,,,,,,,,,,,,,,,,,,
계,노원구,2001,484.4,252.1,147.7,104.4,219.5,12.8,,,,,,609,,252,,,,,,357,,,,,,,,,,,,,,,,,,,,
계,노원구,2002,489.4,288.3,160.4,127.9,184.8,16.3,,,,,,835,,288,,,,,,547,,,,,,,,,,,,,,,,,,,,
계,노원구,2003,489.8,303.1,158.3,144.8,168.9,17.8,,,,,,466,,303,,,,,,163,,,,,,,,,,,,,,,,,,,,
계,노원구,2004,473.4,305.3,156.6,148.7,162.7,5.4,,,,,,1828,,157,,149,,,,1523,,5,,,,,,,,,,,,,,,,,,
계,노원구,2005,451.8,293.8,138.5,155.3,155.2,2.8,,,,,,790,,139,,155,,,,496,,4,,,,,,,,,,,,,,,,,,
계,노원구,2006,449.5,295.5,138.2,157.3,150.9,3.1,,,,,,1488,,105,,157,,,,1226,,3,,,,,,,,,,,,,,,,,,
계,노원구,2007,441.4,287.1,122.5,164.6,147.6,6.7,,,,,,818,,122,,165,,,,531,,3,,,,,,,,,,,,,,,,,,
계,노원구,2008,420.2,272.3,104.6,167.7,118.6,29.3,,,,,,689,,105,,168,,,,416,,2,,,,,,,,,,,,,,,,,,
계,노원구,2009,541.2,345.4,179.8,165.6,127,68.8,,0.88,541.2,615161,,729,,180,,166,,,,384,,2,,,,,,,,,,,,,,,,,,
계,노원구,2010,452.9,290.1,130.1,160,117.4,45.4,,0.74,452.9,615425,1210.7,979.7,292.9,130.1,160,160,74.7,11.6,683.1,678,8.1,2.8,,,,,,,,,,,,,,,,,,
계,노원구,2011,303.7,182.8,18,164.8,119.9,1,,0.5,303.7,608062,977.2,787.7,137.6,16.7,166.1,166.1,61.6,,611.9,604.9,8.3,2.7,,,,,,,,,,,,,,,,,,
계,노원구,2012,307.9,187.3,21.6,165.7,120.1,0.5,,0.51,307.9,600829,894.8,767.3,142.2,21.6,165.7,165.7,,,586.9,580,17.6,3.1,,,,,,,,,,,,,,,,,,
계,노원구,2013,302.4,183.1,19.8,163.3,115.3,4,,0.51,302.4,594027,1098.2,898.4,139.1,19.8,163.3,163.3,76.7,,719.1,715.3,18.9,2.9,,,,,,,,,,,,,,,,,,
계,노원구,2014,356.4,237,67.2,169.8,108.4,11,,0.61,356.4,586056,1192.2,998.5,186.6,67.2,169.8,169.8,71.1,0.2,764.7,761.3,17.7,2.3,,169.8,145.3,27.3,97.9,20.1,24.5,12.5,7,5,,,,,,,,
계,노원구,2015,464.2,351,188.2,162.8,106.2,7,,0.8,464.2,578221,1095.1,902.8,301.4,188.2,162.8,162.8,76.8,0.2,554.1,551.6,18.7,3.4,,162.8,144.5,33.7,90.3,20.5,18.3,10.7,5.7,1.9,,,,,,,,
계,노원구,2016,455.1,335.7,177.7,158,112.6,6.8,,0.8,455.1,571212,1202.2,989.1,297.1,177.7,158,158,90,0.3,657.1,653.1,18,3.5,,157.9,137.3,30.1,83.4,23.8,20.6,10.2,5.9,4.5,,,,,,,,
계,노원구,2017,416.7,309,170.3,138.7,101.2,6.5,,0.75,416.7,558075,1640.2,1444.6,278,170.3,138.7,138.7,82.6,,1140.9,1135.6,16.5,2,,138.7,118.5,25.6,70.6,22.3,20.2,10.9,5.1,4.2,,,,,,,,
계,노원구,2018,467.2,360.2,228.3,131.9,102.3,4.7,,0.85,467.2,548160,1725.8,1533.6,335.3,228.3,131.9,131.9,136,54,1122.6,1119.4,18.1,1.8,,131.9,111.7,23.1,65.2,23.4,20.2,11.1,5.8,3.2,,0.1,,,,,,
계,노원구,2019,317.3,207.4,82.4,125,104.6,3.9,1.4,0.59,317.3,537303,1575.4,1364.8,188.6,78.7,128.7,128.7,99.3,2.4,1158.8,1155,16.1,2,,128.7,109.5,22.9,64.1,22.5,14.9,9.2,5.7,,,0,4.3,1.4,,3,,
계,노원구,2020,144500,102566,59548,43018,39196,1926,813,0.75,394.8,527032,399687,330209,144500,102566,,,26478,375,228709,227268,5946,729,82.6,118.4,105.8,21.9,64.8,19.2,7.8,4.2,3.6,0.1,,,4.8,1.2,,3.6,,
계,노원구,2021,135900,95590,53368,42222,36352,3854,104,0.72,372.3,514946,392900,326057,135900,95590,,,27013,1088,229987,229380,5808,744,83,115.9,102,21,63.6,17.4,9.4,6.5,2.8,0,,0,4.5,1,,3.5,,
계,노원구,2022,145778,106889,64645,42244,35346,3490,53,0.79,399.4,508014,558725,495693,145778,106889,,,24876,969,388071,387836,4716,692,88.7,116.2,100.5,20.4,60.6,19.5,11.1,7.9,3.1,0,,0,4.6,1.1,,3.4,,
계,노원구,2023,140139,102671,62070,40600,33276,3815,377,0.76,383.9,502925,485244,420832,140139,102671,,,38244,11579,306861,306582,2998,753,86.7,111.2,95,13.3,57.6,24.2,11.6,8.2,3.4,0,,0,4.6,1,,3.6,,
계,노원구,2024,150001,96090,55535,40555,41725,1856,10329,0.83,409.8,496552,359945,280795,150001,96090,,,26136,1017,183808,183688,3058,768,78,,,,,,,,,,,,,,,,,
계,도봉구,2000,351.9,205.2,158,47.2,,146.7,,,,,,966,,209,,,,,,757,,,,,,,,,,,,,,,,,,,,
계,도봉구,2001,298.1,146.8,106.9,39.9,,151.3,,,,,,1687,,147,,,,,,1540,,,,,,,,,,,,,,,,,,,,
계,도봉구,2002,257.2,101.7,60.4,41.3,,155.5,,,,,,588,,102,,,,,,486,,,,,,,,,,,,,,,,,,,,
계,도봉구,2003,286.8,128.5,79.4,49.1,,158.3,,,,,,1010,,129,,,,,,882,,,,,,,,,,,,,,,,,,,,
계,도봉구,2004,242,125.3,53,72.3,,116.7,,,,,,503,,55,,70,,,,378,,3,,,,,,,,,,,,,,,,,,
계,도봉구,2005,229.9,140.7,54,86.7,,89.2,,,,,,393,,54,,87,,,,252,,4,,,,,,,,,,,,,,,,,,
계,도봉구,2006,416.1,323.4,218.8,104.6,5.2,87.5,,,,,,553,,211,,105,,,,237,,3,,,,,,,,,,,,,,,,,,
계,도봉구,2007,412.5,322.8,224.2,98.6,28.2,61.5,,,,,,510,,224,,99,,,,187,,4,,,,,,,,,,,,,,,,,,
계,도봉구,2008,398,311.4,210.6,100.8,48.9,37.7,,,,,,625,,211,,101,,,,313,,5,,,,,,,,,,,,,,,,,,
계,도봉구,2009,307.4,233.5,131.6,101.9,54.3,19.6,,0.83,307.4,372398,,561,,132,,102,,,,327,,2,,,,,,,,,,,,,,,,,,
계,도봉구,2010,400.6,325.7,227.3,98.4,59.7,15.2,,1.08,400.6,370734,839.4,763.5,302.2,227.3,98.4,98.4,,,438.8,437.8,5,2,,,,,,,,,,,,,,,,,,
계,도봉구,2011,404.3,328.2,234.3,93.9,64,12.1,,1.1,404.3,367949,761.8,682.2,309.4,233.3,94.9,94.9,,,357.5,354,4.7,1.8,,,,,,,,,,,,,,,,,,
계,도봉구,2012,400.4,326.9,231.9,95,64.2,9.3,,1.1,400.4,364454,681.2,605.8,305.4,231.9,95,95,,,280.8,278.9,4.9,1.7,,,,,,,,,,,,,,,,,,
계,도봉구,2013,386.2,318.5,226.8,91.7,58.6,9.1,,1.07,386.2,360609,673.3,604.4,294.5,226.8,91.7,91.7,,,287.1,285.9,4.2,1.4,,,,,,,,,,,,,,,,,,
계,도봉구,2014,348.1,279.9,181.8,98.1,55.4,12.8,,0.98,348.1,355712,641.7,573.1,250,181.8,98.1,98.1,,,293.6,293.2,5.1,2.2,,98.1,87.5,17.4,43.4,26.7,10.6,3.9,3.6,1.2,1.9,,,,,,,
계,도봉구,2015,314.7,244.7,147.8,96.9,61,9,,0.89,314.7,353241,751.9,680.4,217.8,147.8,96.9,96.9,,,437.2,435.7,4.6,1.2,,96.9,87.4,16.1,43,28.3,9.5,4.7,4.6,0.1,0.1,,,,,,,
계,도봉구,2016,315.1,247,156.3,90.7,62.4,5.7,,0.9,315.1,350272,745.5,675.3,224.4,156.3,90.7,90.7,,,430.4,428.3,4.7,1.2,,90.7,80.8,14.9,38.8,27.1,9.9,4.6,4.2,1.1,,,,,,,,
계,도봉구,2017,243.6,172.4,90.1,82.3,64.3,6.9,,0.7,243.6,346234,641.3,542.6,161.3,90.1,82.3,82.3,10.7,1.1,387,369.1,4.3,1.1,,82.4,73.1,13.5,33.7,25.9,9.3,4.1,3,1.2,1,,,,,,,
계,도봉구,2018,255.7,188.1,109.8,78.3,59.6,8,,0.75,255.7,341649,706.9,582,177.4,109.8,78.3,78.3,13,13,438.2,380.9,4.6,1.3,,78.3,69.3,13.5,30.1,25.7,9,4.3,2.7,1,0.9,0.1,,,,,,
계,도봉구,2019,345.1,220.7,140,80.7,76,5.7,42.7,1.03,345.1,335631,802.1,623.2,266.9,142.5,78.2,78.2,0.9,0.8,456.1,401.7,3.7,1.2,,78.2,68.7,13.8,28.4,26.5,7.8,6.7,1.1,,,0,1.7,0.1,,1.6,,
계,도봉구,2020,110126,72850,46187,26663,34579,2599,98,0.92,300.9,327361,470991,415042,110126,72850,,,29365,23200,331501,318992,1426,433,88.1,72.8,66.4,14.7,28.4,23.4,4.8,2.8,2,,,,1.6,0.1,,0.6,0.9,
계,도봉구,2021,91929,53467,27155,26313,35235,3095,132,0.79,251.9,319373,331240,292070,91929,53467,,,282,265,239030,238338,1476,450,88.2,72,64.8,16.7,27.4,20.7,5.7,3.8,2,,,0,1.5,,,0.6,0.9,
계,도봉구,2022,94263,70069,43989,26080,20088,2597,1509,0.82,258.3,313989,276204,251984,94263,70069,,,1262,1253,180679,180663,1449,406,91.2,71.8,63,15.1,25,22.9,6.9,4.6,2.2,,,0.1,1.9,0.3,,0.7,0.9,
계,도봉구,2023,102431,58070,31074,26996,36818,2605,4938,0.91,280.6,309494,198114,153461,102431,58070,,,453,453,95230,94939,1849,410,77.5,74,60.1,16.4,24.5,19.2,7,4.6,2.4,,,0.1,6.9,,,4,2.9,
계,도봉구,2024,88094,61429,37068,24361,20306,2084,4276,0.79,240.7,306032,551322,524656,88094,61429,,,19,19,463209,463209,1400,467,95.2,,,,,,,,,,,,,,,,,
계,동대문구,2000,462.7,174.7,122,52.7,1.4,286.6,,,,,,717,,162,,,,,,555,,,,,,,,,,,,,,,,,,,,
계,동대문구,2001,485.7,190.3,116.6,73.7,1.1,294.3,,,,,,703,,190,,,,,,513,,,,,,,,,,,,,,,,,,,,
계,동대문구,2002,487.3,186.3,114.9,71.4,1.9,299.1,,,,,,776,,186,,,,,,590,,,,,,,,,,,,,,,,,,,,
계,동대문구,2003,512.1,209.4,151,58.4,5.6,297.1,,,,,,1395,,209,,,,,,1185,,,,,,,,,,,,,,,,,,,,
계,동대문구,2004,552.4,276.4,187.5,88.9,6.4,269.6,,,,,,1805,,203,,73,,,,1529,,4,,,,,,,,,,,,,,,,,,
계,동대문구,2005,523.8,339.5,226.1,113.4,10.2,174.1,,,,,,1060,,227,,113,,,,720,,4,,,,,,,,,,,,,,,,,,
계,동대문구,2006,538.4,363.7,247.9,115.8,10.8,163.9,,,,,,1046,,180,,116,,,,751,,4,,,,,,,,,,,,,,,,,,
계,동대문구,2007,486.8,324.9,211.2,113.7,0.7,161.2,,,,,,1653,,211,,114,,3,,1325,,1,,,,,,,,,,,,,,,,,,
계,동대문구,2008,421.7,262.9,179.6,83.3,9,149.8,,,,,,1618,,180,,83,,27,,1328,,1,,,,,,,,,,,,,,,,,,
계,동대문구,2009,378.1,239,148.2,90.8,,139.1,,1.01,378.1,374277,,1627,,148,,91,,0,,1388,,1,,,,,,,,,,,,,,,,,,
계,동대문구,2010,409.4,279.3,187.9,91.4,,130.1,,1.08,409.4,379343,1240.9,1086.7,318,187.9,91.4,91.4,,,831.5,807.4,4.5,0.7,,,,,,,,,,,,,,,,,,
계,동대문구,2011,444.5,311.2,216.2,95,,133.3,,1.17,444.5,378534,1776.9,1627.2,327.9,194.6,116.6,116.6,6.5,,1325.9,1316,6.7,2,,,,,,,,,,,,,,,,,,
계,동대문구,2012,400,282.8,182.6,100.2,100.9,16.3,,1.06,400,375683,874.5,729.3,302.1,184.9,97.9,97.9,6.5,,468,446.5,6.6,1.1,,,,,,,,,,,,,,,,,,
계,동대문구,2013,396.8,279.4,180.8,98.6,103.4,14,,1.05,396.8,376445,923.2,790.9,298.2,180.8,98.6,98.6,6.5,,519.9,511.5,7.9,2.3,,,,,,,,,,,,,,,,,,
계,동대문구,2014,414.7,294.8,189.7,105.1,96.7,23.2,,1.1,414.7,376319,1014.9,874.5,309.6,189.7,105.1,105.1,6.3,,593.9,579.7,9.9,2.4,,105.1,93.9,31,36.9,26,11.2,5.2,4.4,1.6,,,,,,,,
계,동대문구,2015,408.3,291.6,185.8,105.8,95.6,21.1,,1.09,408.3,373824,1304.5,1177.6,302.5,185.8,105.8,105.8,6.5,,889.7,886,10.8,2.7,,105.8,92.6,36.1,35.9,20.6,13.2,6.1,3.7,3,0.4,,,,,,,
계,동대문구,2016,426.6,311,205.6,105.4,95,20.6,,1.15,426.6,370312,1564.7,1435.5,321.2,205.6,105.4,105.4,6.5,,1131.6,1124.5,9.6,2.4,,105.4,90.4,41.2,34.8,14.4,15,7.8,4.3,2.5,0.4,,,,,,,
계,동대문구,2017,422.5,310.6,208.8,101.8,93.1,18.8,,1.15,422.5,366011,1560.5,1424.3,320.7,208.8,101.8,101.8,26.1,11.1,1111.9,1102.6,9.6,2.2,,101.8,86.4,29.8,40.1,16.5,15.4,7.6,4.1,3.4,0.2,0.1,,,,,,
계,동대문구,2018,416.3,305.9,208.3,97.6,89.1,21.3,,1.14,416.3,364338,1658,1527.4,318.7,208.3,97.6,97.6,22.6,20.2,1219.1,1201.3,10.6,2.3,,97.6,82.6,26.2,36.9,19.5,15,9.4,3.6,1.7,0.2,0.1,,,,,,
계,동대문구,2019,411.2,298.4,205.6,92.8,93.1,19.5,0.2,1.13,411.2,363023,1357.9,1232.6,313.5,200.7,97.7,97.7,26.1,16.1,920.6,918.1,9.3,2.1,,97.7,83.7,30.8,33.5,19.4,9.1,5.4,3.2,0.4,,0.1,4.9,3.5,,1.2,0.2,
계,동대문구,2020,161082,121098,87880,33218,31697,8277,10,1.23,440.1,357014,1181025,1140352,161082,121098,,,9323,9298,1010620,1009956,3700,814,96.6,90.8,79.9,27.5,35.8,16.6,6.6,3.6,2.7,0.3,,,4.3,1.6,,2.5,0.2,
계,동대문구,2021,116867,75504,41504,34000,31695,9560,109,0.91,320.2,352006,667636,625221,116867,75504,,,8195,8195,542574,541522,3629,823,93.6,93.5,83.8,30.9,36.9,16,6.3,3.6,2.5,0.3,,0,3.4,1.6,,1.5,0.3,
계,동대문구,2022,108075,68325,37152,31174,30065,9484,200,0.84,296.1,353601,538762,494521,108075,68325,,,14557,10071,416130,416125,3246,816,91.8,85.6,73.9,29,30.1,14.8,8.2,5.1,2.9,0.2,,0,3.4,1.3,,1.9,0.3,
계,동대문구,2023,113337,72494,41190,31303,31512,7144,2187,0.86,310.5,359873,321878,278213,113337,72494,,,11904,9148,196638,196571,3303,726,86.4,85.8,74.6,36.5,26.5,11.6,7.7,4.9,2.6,0.1,,0,3.5,1.3,,2,0.2,
계,동대문구,2024,112593,73460,42239,31221,33612,4632,889,0.86,307.6,358603,338410,297687,112593,73460,,,7696,6656,218121,217571,3440,881,88,,,,,,,,,,,,,,,,,
계,동작구,2000,388,166.3,126,40.3,4,217.7,,,,,,356,,164,,,,4,,188,,,,,,,,,,,,,,,,,,,,
계,동작구,2001,426.9,184.9,142,42.9,2.3,239.7,,,,,,1587,,185,,,,4,,1398,,,,,,,,,,,,,,,,,,,,
계,동작구,2002,441.1,191.1,152.6,38.5,7.7,242.3,,,,,,1628,,191,,,,,,1437,,,,,,,,,,,,,,,,,,,,
계,동작구,2003,419.5,190.8,137.7,53.1,11.9,216.8,,,,,,1533,,191,,,,,,1342,,,,,,,,,,,,,,,,,,,,
계,동작구,2004,405.5,219,128.6,90.4,10.1,176.4,,,,,,1139,,131,,88,,,,920,,2,,,,,,,,,,,,,,,,,,
계,동작구,2005,362.8,230,122.6,107.4,6.4,126.4,,,,,,1071,,123,,107,,,,841,,1,,,,,,,,,,,,,,,,,,
계,동작구,2006,372.6,234.7,127.3,107.4,6.9,131,,,,,,755,,102,,107,,20,,526,,1,,,,,,,,,,,,,,,,,,
계,동작구,2007,364.3,217.6,102.9,114.7,26.5,120.2,,,,,,1739,,103,,115,,,,1521,,1,,,,,,,,,,,,,,,,,,
계,동작구,2008,400.6,224.3,101.6,122.7,70.6,105.7,,,,,,1574,,102,,123,,,,1350,,2,,,,,,,,,,,,,,,,,,
계,동작구,2009,394.3,255.1,134.5,120.6,81.4,57.8,,0.97,394.3,407973,,1140,,135,,121,,,,885,,1,,,,,,,,,,,,,,,,,,
계,동작구,2010,323.1,206.3,120.2,86.1,74.4,42.4,,0.78,323.1,413814,1572.1,1433.5,237,120.2,86.1,86.1,0.6,0.6,1248.4,1226.6,6.3,1.4,,,,,,,,,,,,,,,,,,
계,동작구,2011,327.7,203.7,95.4,108.3,92.5,31.5,,0.79,327.7,413658,1187.5,1041.6,219.4,95.4,108.3,108.3,,,859.8,837.9,11.8,4.5,,,,,,,,,,,,,,,,,,
계,동작구,2012,337.7,240.8,125.9,114.9,81.2,15.7,,0.81,337.7,416268,923.7,814.3,222.8,125.9,114.9,114.9,,,586,573.5,7.3,1.3,,,,,,,,,,,,,,,,,,
계,동작구,2013,327.5,226.9,120.6,106.3,87.2,13.4,,0.78,327.5,421487,1090.5,981.6,221.2,120.6,106.3,106.3,,,763,754.7,8.4,1.9,,,,,,,,,,,,,,,,,,
계,동작구,2014,339.8,238.9,123.3,115.6,81,19.9,,0.81,339.8,419261,1345.5,1234.9,224.2,123.3,115.6,115.6,,,1005.7,996,111,1.5,,115.6,93.8,42,45.3,6.5,21.8,3.2,3,0.4,15.2,,,,,,,
계,동작구,2015,297.9,210,103.8,106.2,66.8,21.1,,0.72,297.9,412774,1170.9,1056,191.7,103.8,106.2,106.2,,,873,846,9.2,1.3,,106.2,92.7,45.6,39.9,7.2,13.5,5.4,6.3,0.1,1.7,,,,,,,
계,동작구,2016,280.5,188.4,89.3,99.1,72.6,19.5,,0.68,280.5,413247,1801.8,1703.7,181.4,89.3,99.1,99.1,,,1521.3,1515.3,12.5,1.8,,99,83.8,37.6,33.3,12.9,15.2,6.3,6.4,0.4,1.9,0.2,,,,,,
계,동작구,2017,269,178.3,86.8,91.5,59.8,30.9,,0.66,269,408493,1228.5,1116.4,177.5,86.8,91.5,91.5,,,959.5,938.1,10.3,1.4,,91.5,77.5,33.7,29.2,14.6,14,5.2,5.5,0.4,2.7,0.2,,,,,,
계,동작구,2018,290.6,200.1,109,91.1,70.3,20.2,,0.71,290.6,409385,1569,1462.7,199.5,109,91.1,91.1,,,1278.4,1262.6,11.1,1.8,,91.1,76.5,34.2,27.6,14.7,14.6,5.3,6.3,0.1,2.6,0.3,,,,,,
계,동작구,2019,315.4,224.9,131.9,93,67.2,23.3,,0.77,315.4,408912,1503.7,1408.7,222.6,132.1,92.8,92.8,,,1188.3,1183.8,10.6,2.2,,92.8,78.2,35.9,27.5,14.8,10,5.1,1.1,0.1,3.5,0.1,4.7,0.6,0.5,,3.5,
계,동작구,2020,118757,86746,55512,31234,24316,6850,846,0.81,324.5,401572,468426,433566,118757,86746,,,961,932,348708,345888,3509,509,92.6,85.3,74.7,32.6,28.4,13.7,6.7,3.1,3.5,0.1,,0.1,3.9,0.6,0.4,,3,
계,동작구,2021,108554,71943,42577,29366,25098,11143,371,0.75,297.4,394364,370047,332920,108554,71943,,,1524,1477,259969,259500,3786,936,90,80.7,71.3,31.4,27.5,12.4,6.1,3.8,2.2,0.1,,,3.3,0.1,,,3.2,
계,동작구,2022,118013,77044,47526,29518,26806,13606,557,0.83,323.3,390432,388357,347338,118013,77044,,,2165,2141,268178,268154,3337,661,89.4,80.6,68.3,29.8,26.2,12.3,9,6.4,2.5,0,,0.1,3.2,,,,3.2,
계,동작구,2023,116719,79700,50954,28746,26679,9967,373,0.82,319.8,389714,408834,371481,116719,79700,,,572,559,291544,291222,3192,535,90.9,78.8,65.9,29.9,23.7,12.3,8.8,6,2.7,,,0.1,4.1,,,,4,0.1
계,동작구,2024,119527,80659,52048,28611,27158,9166,2544,0.84,326.6,387352,984321,945197,119527,80659,,,2403,2387,862392,862151,2762,513,96,,,,,,,,,,,,,,,,,
계,마포구,2000,438.4,206,179,27,2.1,230.3,,,,,,856,,204,,,,,,652,,,,,,,,,,,,,,,,,,,,
계,마포구,2001,437.4,203.7,160.6,43.1,2.3,231.4,,,,,,878,,204,,,,,,675,,,,,,,,,,,,,,,,,,,,
계,마포구,2002,437.2,203.9,162.7,41.2,5.1,228.2,,,,,,897,,204,,,,0,,693,,,,,,,,,,,,,,,,,,,,
계,마포구,2003,461.2,238.7,196.1,42.6,2.9,219.6,,,,,,1786,,239,,,,0,,1547,,,,,,,,,,,,,,,,,,,,
계,마포구,2004,470.5,255.1,157.9,97.2,15,200.4,,,,,,1274,,174,,81,,,,1019,,3,,,,,,,,,,,,,,,,,,
계,마포구,2005,443.6,305.4,207.9,97.5,110.8,27.4,,,,,,2391,,208,,97,,,,2086,,3,,,,,,,,,,,,,,,,,,
계,마포구,2006,431.1,277.4,174.7,102.7,122,31.7,,,,,,1882,,145,,103,,146,,1488,,3,,,,,,,,,,,,,,,,,,
계,마포구,2007,433.8,281.5,165.5,116,123.6,28.7,,,,,,1866,,166,,116,,109,,1475,,3,,,,,,,,,,,,,,,,,,
계,마포구,2008,416.7,268.6,145.1,123.5,123.3,24.8,,,,,,2382,,145,,124,,76,,2038,,5,,,,,,,,,,,,,,,,,,
계,마포구,2009,413.7,282.8,162.8,120,102.8,28.1,,1.05,413.7,392313,,2247,,163,,120,,,,1964,,5,,,,,,,,,,,,,,,,,,
계,마포구,2010,303.1,166.1,43.8,122.3,107.6,29.4,,0.76,303.1,400464,1689.9,1517.4,180.8,43.8,122.3,122.3,,,1386.8,1351.3,3,0.8,,,,,,,,,,,,,,,,,,
계,마포구,2011,309.6,175.5,51.2,124.3,112.8,21.3,,0.78,309.6,398627,1549.7,1383.1,185.3,51.2,124.3,124.3,,,1240.1,1207.6,4.5,1.7,,,,,,,,,,,,,,,,,,
계,마포구,2012,279.6,155.3,32.9,122.4,111.7,12.6,,0.71,279.6,393576,2146.5,1984.4,164.2,39.9,115.4,115.4,88.7,78.6,1778.2,1750.5,25.8,3.4,,,,,,,,,,,,,,,,,,
계,마포구,2013,287,160.3,37.3,123,113,13.7,,0.73,287,391098,1430.1,1259.9,164,37.3,123,123,,,1143.1,1099.6,22.7,3.5,,,,,,,,,,,,,,,,,,
계,마포구,2014,458.1,330.6,198.8,131.8,114.4,13.1,,1.16,458.1,395830,1932,1714.1,326.3,198.8,131.8,131.8,86.9,49,1387,1334.5,24.5,3.7,,131.8,117.7,67.4,37.9,12.4,14.1,3.5,7.5,0.9,1.3,0.9,,,,,,
계,마포구,2015,461.6,331.4,188.9,142.5,116.4,13.8,,1.16,461.6,398351,2184.7,1969.4,319.1,188.9,142.5,142.5,101.6,40.1,1621.5,1597.9,26.7,4.7,,142.5,118.4,67.3,40.3,10.8,24.1,5.4,14.8,2.2,0.8,0.9,,,,,,
계,마포구,2016,456.6,321.4,190.2,131.2,120.1,15.1,,1.17,456.6,390887,1998.7,1789.4,325.4,190.2,131.2,131.2,102.1,39.2,1440,1428.8,25.7,4.6,,131.2,106.8,57.1,37.8,11.9,24.4,5.4,16.1,2.5,,0.4,,,,,,
계,마포구,2017,437.7,305.2,196.3,108.9,109.1,23.4,,1.13,437.7,385783,1944.3,1785.5,328.8,196.3,108.9,108.9,78.5,67.9,1428.1,1412.4,21.6,3.2,,108.9,85.3,42.9,32.6,9.8,23.6,5.4,15.2,2.1,,0.9,,,,,,
계,마포구,2018,439.5,293.9,202.8,91.1,102.7,42.9,,1.14,439.5,386359,1519.9,1290,348.4,202.8,91.1,91.1,72.2,67,1008.2,929.1,24.7,4.1,,91.1,68.2,33.1,27.3,7.8,22.9,5.5,15.4,1.4,,0.6,,,,,,
계,마포구,2019,477.5,285.9,162.5,123.4,147.3,44.1,0.2,1.24,477.5,385925,1956.9,1748.7,381.1,189.5,96.4,96.4,63.5,62.1,1415.9,1400.7,22.5,4.7,,96.4,65.3,32.8,24.5,8,27,6.3,20.1,,,0.6,4.1,,,4.1,,
계,마포구,2020,134108,79919,48960,30959,41798,12391,,0.96,366.4,381858,593514,535849,134108,79919,,,25041,22788,434365,433141,8820,1708,90.3,84.6,63.4,29.6,26.4,7.4,19.8,3.7,14.7,0.3,,1.1,1.4,,0.1,1.2,,0.1
계,마포구,2021,199008,79714,51252,28462,41372,10035,67887,1.44,545.2,378686,508893,387989,199008,79714,,,25993,24879,283893,283396,7809,1237,76.2,77.9,61.4,28.1,26.3,7,15.2,5,9.9,,,0.4,1.3,0,,0.9,,0.3
계,마포구,2022,152394,88134,58550,29584,42222,9994,12045,1.11,417.5,375585,633982,567724,152394,88134,,,25892,23973,455696,455618,7235,1239,89.5,81,61.3,28.1,24.5,8.8,18.1,5.9,11.1,0.4,0,0.5,1.6,,,1.2,,0.4
계,마포구,2023,135308,83318,54544,28775,43555,7586,849,0.99,370.7,375162,531689,471676,135308,83318,,,34226,26254,362155,362105,2771,1277,88.7,78.8,58.9,28.4,23.3,7.1,18.5,5,13.1,,0,0.4,1.5,0.1,0.2,0.9,,0.2
계,마포구,2024,142121,85360,58662,26698,49895,5601,1266,1.04,388.3,372745,425899,360360,142121,85360,,,35718,26941,248059,248059,2817,1511,84.6,,,,,,,,,,,,,,,,,
계,서대문구,2000,387.4,161.7,133,28.7,5.6,220.1,,,,,,270,,163,,,,,,107,,,,,,,,,,,,,,,,,,,,
계,서대문구,2001,372.4,138.2,109.1,29.1,3.7,230.5,,,,,,304,,138,,,,,,165,,,,,,,,,,,,,,,,,,,,
계,서대문구,2002,383.6,145.1,111.8,33.3,6.5,232,,,,,,774,,145,,,,,,629,,,,,,,,,,,,,,,,,,,,
계,서대문구,2003,397.9,170.9,129.5,41.4,6.6,220.4,,,,,,865,,171,,,,,,694,,,,,,,,,,,,,,,,,,,,
계,서대문구,2004,379.1,171.2,107.1,64.1,4.1,203.8,,,,,,840,,122,,49,,,,669,,2,,,,,,,,,,,,,,,,,,
계,서대문구,2005,349.2,207.7,109.9,97.8,7.2,134.3,,,,,,706,,110,,98,,,,498,,2,,,,,,,,,,,,,,,,,,
계,서대문구,2006,347.7,197.5,105.9,91.6,9.3,140.9,,,,,,965,,50,,92,,,,824,,3,,,,,,,,,,,,,,,,,,
계,서대문구,2007,293.1,149.3,58,91.3,9.3,134.5,,,,,,700,,58,,91,,1,,550,,3,,,,,,,,,,,,,,,,,,
계,서대문구,2008,268.2,139.3,49.8,89.5,8.8,120.1,,,,,,936,,50,,90,,0,,797,,0,,,,,,,,,,,,,,,,,,
계,서대문구,2009,327.1,215.2,124.6,90.6,69,42.9,,0.97,327.1,336649,,1630,,125,,91,,0,,1415,,2,,,,,,,,,,,,,,,,,,
계,서대문구,2010,308.3,192.8,101.6,91.2,76.8,38.7,,0.92,308.3,333871,2606.8,2288.7,217.1,101.6,91.2,91.2,10.1,9.8,2288.4,2086.1,10.9,1.5,,,,,,,,,,,,,,,,,,
계,서대문구,2011,291.4,193.6,109,84.6,62.6,35.2,,0.9,291.4,324529,1160.5,984.5,205.7,107.9,85.7,85.7,16.2,15.5,852.9,775.4,30.1,2.9,,,,,,,,,,,,,,,,,,
계,서대문구,2012,263.6,164.8,76.3,88.5,87.1,11.7,,0.81,263.6,324733,1608.6,1426.1,175.1,76.3,88.5,88.5,16,15.1,1329,1246.2,11.1,1.5,,,,,,,,,,,,,,,,,,
계,서대문구,2013,262.4,159.8,71.1,88.7,93.6,9,,0.81,262.4,324067,916.6,801.9,173.7,71.1,88.7,88.7,16.2,15.1,638,627,11.5,1.8,,,,,,,,,,,,,,,,,,
계,서대문구,2014,311.7,210,119,91,92.6,9.1,,0.97,311.7,320861,1024,911.3,220.7,119,91,91,16,15,696.3,686.3,11.9,1.4,,91,74.6,20.9,31.5,22.2,16.4,7.8,5.2,1.6,0.8,1,,,,,,
계,서대문구,2015,301.5,202.4,119.7,82.7,88.1,11,,0.93,301.5,323105,1108.4,982.6,218.8,119.7,82.7,82.7,15.8,14.8,791.1,765.4,13.9,1.4,,82.7,69.2,30.3,21.9,17,13.5,5.5,6.9,0.1,,1,,,,,,
계,서대문구,2016,298.4,194.8,115,79.8,91.4,12.2,,0.92,298.4,325871,1255.5,1124,218.6,115,79.8,79.8,15.9,14.9,941.2,914.3,16.3,1.4,,79.8,62.7,20.5,24.3,17.9,17.1,7,8.7,0.3,,1.1,,,,,,
계,서대문구,2017,298.3,180.2,103.3,76.9,82.8,35.3,,0.92,298.3,325028,1428.7,1301.4,221.4,103.3,76.9,76.9,,,1130.4,1121.2,16.2,1,,76.9,59.2,22.5,21.3,15.4,17.7,8.3,8,0.4,,1,,,,,,
계,서대문구,2018,285.3,176.3,103.2,73.1,81.4,27.6,,0.88,285.3,323080,1198.7,1076.7,212.2,103.2,73.1,73.1,,,913.4,900.4,17.6,1,,73.1,57.4,23.2,19.4,14.8,15.7,6.3,7,1.4,,1,,,,,,
계,서대문구,2019,240.1,146.5,76.5,70,63.9,29.2,0.5,0.74,240.1,323171,1587.9,1489.6,169,75.4,71.1,71.1,10.5,10.4,1337.3,1332.7,17,1.1,,71.1,56.7,23.9,19,13.8,11.1,5.6,5,0.3,,0.1,3.4,1.7,0.8,,,1
계,서대문구,2020,104413,64333,41128,23205,28780,11300,,0.88,285.3,322952,280600,235085,104413,64333,,,3438,352,172749,170400,5909,472,83.8,63.5,52.6,22.6,20.3,9.6,8,3.7,4.1,0.1,,0.1,2.9,1.9,0.5,,,0.4
계,서대문구,2021,96768,57786,35533,22253,30403,8512,68,0.84,265.1,315659,358228,318392,96768,57786,,,1383,944,260077,259662,6565,499,88.9,61.1,50.9,22.4,20.3,8.2,8.9,4.8,3.8,0.3,,0.1,1.3,0.9,0.3,,,0.1
계,서대문구,2022,107631,67206,44791,22415,29038,8326,3061,0.92,294.9,319554,263130,222630,107631,67206,,,172,109,155327,155315,6317,512,84.6,63.1,50.6,22.3,19.3,9,9.8,5.3,4.1,0.4,,0.1,2.7,1.9,0.6,,,0.2
계,서대문구,2023,97594,60677,38427,22250,31484,5433,,0.83,267.4,320629,271856,230597,97594,60677,,,4362,21,169900,169900,6575,619,84.8,61,50.5,23.6,18.8,8.1,9.5,5.2,4,0.2,,0.1,1,0.6,0.3,,,0.1
계,서대문구,2024,99837,63501,40880,22621,31947,4288,101,0.86,272.8,318622,190426,153568,99837,63501,,,751,310,89839,89757,5832,528,80.6,,,,,,,,,,,,,,,,,
계,서초구,2000,516.1,219.4,134,85.4,6.4,290.3,,,,,,1978,,199,,,,,,1779,,,,,,,,,,,,,,,,,,,,
계,서초구,2001,521.1,231.5,124.1,107.4,7.4,282.2,,,,,,2197,,232,,,,,,1965,,,,,,,,,,,,,,,,,,,,
계,서초구,2002,495.5,224.2,116.5,107.7,8.9,262.4,,,,,,2813,,224,,,,,,2589,,,,,,,,,,,,,,,,,,,,
계,서초구,2003,445.1,189,79.1,109.9,9.1,247,,,,,,2756,,189,,,,,,2567,,,,,,,,,,,,,,,,,,,,
계,서초구,2004,411.9,176.6,46.4,130.2,9.1,226.2,,,,,,1996,,49,,128,,,,1820,,4,,,,,,,,,,,,,,,,,,
계,서초구,2005,394.2,200.3,39.5,160.8,10.4,183.5,,,,,,1453,,39,,161,,,,1253,,3,,,,,,,,,,,,,,,,,,
계,서초구,2006,557.3,358.3,185.7,172.6,9.1,189.9,,,,,,2965,,186,,173,,5,,2601,,2,,,,,,,,,,,,,,,,,,
계,서초구,2007,563.7,361.6,165.3,196.3,41.9,160.2,,,,,,2647,,166,,196,,,,2285,,4,,,,,,,,,,,,,,,,,,
계,서초구,2008,570.6,380.6,186.2,194.4,118.7,71.3,,,,,,2014,,186,,194,,,,1634,,3,,,,,,,,,,,,,,,,,,
계,서초구,2009,608.9,407.7,214.9,192.8,140.4,60.8,,1.41,608.9,431131,,1280,,215,,193,,,,872,,3,,,,,,,,,,,,,,,,,,
계,서초구,2010,589.1,393,208.7,184.3,131.3,64.8,,1.34,589.1,440021,1467.7,1226.2,404.8,208.7,184.3,184.3,,,878.6,833.2,15.2,2.3,,,,,,,,,,,,,,,,,,
계,서초구,2011,588,398,208.7,189.3,127.5,62.5,,1.34,588,439012,1828.9,1566.9,398.8,208.8,189.2,189.2,,,1240.9,1168.9,13.5,1.8,,,,,,,,,,,,,,,,,,
계,서초구,2012,578.1,400.2,208.6,191.6,127.1,50.8,,1.31,578.1,439998,1745.2,1439.9,386.5,208.6,191.6,191.6,,,1167.1,1039.7,16.4,4.6,,,,,,,,,,,,,,,,,,
계,서초구,2013,552.3,390.5,197.4,193.1,132.3,29.5,,1.24,552.3,446541,2225.7,1997.2,359.2,197.4,193.1,193.1,,,1673.4,1606.7,19.6,5.8,,,,,,,,,,,,,,,,,,
계,서초구,2014,546.3,379.5,191.9,187.6,127.1,39.7,,1.2,546.3,454288,2234.9,2027,358.7,191.9,187.6,187.6,,,1688.6,1647.5,22.8,7.7,,187.6,140.1,43.8,75.7,20.6,47.5,14.5,21.8,5.4,1.2,4.6,,,,,,
계,서초구,2015,562.3,402.3,196.3,206,113.4,46.6,,1.25,562.3,451258,2806.9,2621.5,356.3,196.3,206,206,,,2244.6,2219.2,22.8,7.3,,206,137.9,38.8,43.7,55.4,68.1,15.2,38.4,6.5,3.2,4.8,,,,,,
계,서초구,2016,570.1,396.1,213.7,182.4,139,35,,1.26,570.1,451477,1876.1,1662,387.7,213.7,182.4,182.4,,,1306,1265.9,21.6,6.8,,182.4,122.1,25.6,48.1,48.4,60.3,17.9,38.1,2.9,0.2,1.2,,,,,,
계,서초구,2017,571.7,405.1,226.1,179,115.5,51.1,,1.28,571.7,445401,2688.4,2477.6,392.7,226.1,179,179,,,2116.7,2072.5,24.7,6.8,,179,110.3,23,43.2,44.1,68.7,16.9,38,6.2,0.9,6.7,,,,,,
계,서초구,2018,563.7,391.3,215.6,175.7,92.3,80.1,,1.29,563.7,438163,2834.1,2603,388,215.6,175.7,175.7,,,2270.4,2211.7,25.6,8.3,,175.7,107.8,23.4,44,40.4,67.9,16.5,40.5,6,1,3.9,,,,,,
계,서초구,2019,498.3,293.2,114,179.2,129.4,75.4,0.3,1.15,498.3,435107,3772.1,3557.7,318.1,113,180.2,180.2,,,3273.8,3264.5,29.6,9.1,,180.2,101.3,22.1,40.8,38.4,64.7,13.2,38.1,8.3,0.8,4.3,14.2,3.2,0.9,10.1,,
계,서초구,2020,184761,109206,52198,57007,46581,28975,,1.18,504.8,429025,859429,781700,184761,109206,,,2669,1748,671999,670747,10941,4148,91,155.8,97.7,21.4,39.2,37.1,43.2,7.6,29.8,4,,1.8,14.9,2.8,0.9,11.2,,
계,서초구,2021,177110,108844,55057,53786,49351,18095,821,1.17,485.2,416167,1599770,1522493,177110,108844,,,9292,1033,1413368,1412617,12439,4222,95.2,147.4,93.9,20.6,37.4,35.9,41,11.3,26.3,2.1,,1.3,12.5,3.2,0.2,6.2,1.7,1.2
계,서초구,2022,180281,112992,60684,52308,47902,17609,1778,1.21,493.9,408451,1026077,955686,180281,112992,,,6002,3017,839794,839678,15586,4552,93.1,144.5,88.2,19.3,35.3,33.7,37.5,11.6,24.7,0.7,,0.5,18.8,3.9,1.6,7.3,2.8,3.3
계,서초구,2023,178090,111677,61277,50400,48674,16791,948,1.18,487.9,412078,1335933,1268460,178090,111677,,,14327,13271,1143517,1143512,11810,3936,94.9,138.1,84,18.5,33.6,31.9,33.3,9.5,23.4,0.1,,0.3,20.8,4.4,2.7,7.5,2.8,3.5
계,서초구,2024,180257,113288,63473,49815,47403,16181,3385,1.19,492.5,413076,1213113,1145043,180257,113288,,,4951,4003,1027905,1027753,11681,4393,94.4,,,,,,,,,,,,,,,,,
계,성동구,2000,331.8,116.6,86,30.6,6.5,208.7,,,,,,637,,114,,,,33,,490,,,,,,,,,,,,,,,,,,,,
계,성동구,2001,343.9,142.5,90.1,52.4,13.4,188,,,,,,619,,143,,,,33,,444,,,,,,,,,,,,,,,,,,,,
계,성동구,2002,371.9,171.6,119.2,52.4,14.5,185.8,,,,,,1162,,172,,,,166,,824,,,,,,,,,,,,,,,,,,,,
계,성동구,2003,388.6,203,138.7,64.3,8.9,176.7,,,,,,1236,,203,,,,297,,737,,,,,,,,,,,,,,,,,,,,
계,성동구,2004,340.3,170.3,93.9,76.4,6.4,163.6,,,,,,882,,96,,74,,267,,445,,6,,,,,,,,,,,,,,,,,,
계,성동구,2005,301.9,169.9,87.4,82.5,9.1,122.9,,,,,,1160,,87,,83,,279,,711,,5,,,,,,,,,,,,,,,,,,
계,성동구,2006,322.7,192.8,107.8,85,4.8,125.1,,,,,,1400,,95,,85,,221,,999,,6,,,,,,,,,,,,,,,,,,
계,성동구,2007,300.2,183.3,97.3,86,21,95.9,,,,,,1452,,97,,86,,358,,911,,4,,,,,,,,,,,,,,,,,,
계,성동구,2008,300.5,180.2,95.1,85.1,71.6,48.7,,,,,,1894,,95,,85,,366,,1348,,11,,,,,,,,,,,,,,,,,,
계,성동구,2009,312.5,201.4,116.3,85.1,85.8,25.3,,0.99,312.5,316064,,3200,,116,,85,,482,,2516,,10,,,,,,,,,,,,,,,,,,
계,성동구,2010,282,177.2,92.1,85.1,83.2,21.6,,0.89,282,316892,2971.5,2828.6,196.9,92.1,85.1,85.1,652,626.5,2037.5,2024.9,17.7,8.2,,,,,,,,,,,,,,,,,,
계,성동구,2011,290.2,181.7,89.1,92.6,84.2,24.3,,0.94,290.2,308767,2159.8,1607.7,196,87.5,94.2,94.2,420.3,1.3,1449.3,1424.7,7.4,2.2,,,,,,,,,,,,,,,,,,
계,성동구,2012,267.6,173.1,86.6,86.5,67.7,26.8,,0.87,267.6,306868,2513.3,1609.7,181.1,86.6,86.5,86.5,422.4,1.5,1823.3,1435.1,13.1,4.2,,,,,,,,,,,,,,,,,,
계,성동구,2013,261.8,173.5,86.8,86.7,72.5,15.8,,0.85,261.8,306571,2468.9,1984.9,175.1,86.8,86.7,86.7,5.9,,2201.2,1811.4,11.2,4.3,,,,,,,,,,,,,,,,,,
계,성동구,2014,254.1,165.4,85.7,79.7,67.8,20.9,,0.84,254.1,303891,2700.2,1898.6,174.4,85.7,79.7,79.7,563.2,274,1882.9,1459.2,16,6.6,,79.7,73.3,27.1,31.6,14.6,6.4,2.4,1.7,2.3,,,,,,,,
계,성동구,2015,259.4,179,87.2,91.8,56.7,23.7,,0.85,259.4,305065,3427.8,2594.8,167.6,87.2,91.8,91.8,575.5,271,2592.9,2144.8,12.1,5.6,,91.8,79,24.2,36.4,18.4,12.8,5.2,3.8,3.7,0.1,,,,,,,
계,성동구,2016,257.8,176.6,88.8,87.8,60,21.2,,0.84,257.8,307161,2254.7,1667.4,170,88.8,87.8,87.8,43.4,10.4,1953.5,1480.4,12.3,5.4,,87.9,76,20.2,34.5,21.3,11.9,5.2,3.4,3.2,0.1,,,,,,,
계,성동구,2017,255.7,167.6,81.9,85.7,63.4,24.7,,0.82,255.7,312711,2139.9,1533.6,170,81.9,85.7,85.7,50.1,19.4,1834.1,1346.6,13.3,6,,85.7,71.3,18.8,32.7,19.8,14.4,5.1,4,5,0.3,,,,,,,
계,성동구,2018,270,178.9,94.7,84.2,63.2,27.9,,0.85,270,316463,2028.9,1486,185.8,94.7,84.2,84.2,51.2,16.3,1707.7,1290.8,12.7,5.5,,84.2,70.6,19.7,31,19.9,13.6,5.7,4.3,3.5,0.1,,,,,,,
계,성동구,2019,303.1,211.4,136.8,74.6,62.6,27.1,2,0.98,303.1,308979,2168.3,1436.1,222.5,130.8,80.6,80.6,382.7,34.1,1482.5,1190.6,12.9,6,,80.6,69.6,21.6,28.8,19.2,8.7,4.5,4,0.2,,,2.3,,,2.3,,
계,성동구,2020,110224,73914,45279,28635,22839,9739,3733,1,301.2,300505,850901,675122,110224,73914,,,80560,31023,660116,570186,5207,2369,79.3,77.9,68.4,22.9,30.4,15.4,6.4,3.4,2.9,0.1,,,3.1,,,3.1,,
계,성동구,2021,99225,68206,40224,27982,20456,10421,142,0.93,271.8,292672,1329246,1169838,99225,68206,,,122136,83058,1107885,1018574,6068,2597,88,76.6,66.5,22.4,28.7,15.4,6.7,4.1,2.5,0.1,0,,3.4,,,3.4,,
계,성동구,2022,104584,66623,38624,27999,22459,15149,353,0.99,286.5,288234,1081741,1000598,104584,66623,,,189274,157251,787883,776724,5293,1967,92.5,76.6,65.5,25.9,26.7,12.8,7.8,4.5,3.2,0.1,,,3.3,,,3.3,,
계,성동구,2023,106823,68206,40545,27661,30416,8083,120,1.03,292.7,284766,945393,863110,106823,68206,,,96361,54545,742208,740360,5088,2133,91.3,75.8,64,17.5,25.9,20.6,8.2,4.7,3.4,0.1,,,3.6,,,3.6,,
계,성동구,2024,159245,120565,93089,27476,30444,6175,2062,1.55,435.1,281289,1022469,947740,159245,120565,,,111943,75960,751281,751215,4947,2237,92.7,,,,,,,,,,,,,,,,,
계,성북구,2000,449.1,202.1,167,35.1,1.4,245.6,,,,,,1107,,196,,,,,,911,,,,,,,,,,,,,,,,,,,,
계,성북구,2001,504.7,256.7,186.5,70.2,0.8,247.2,,,,,,713,,257,,,,,,456,,,,,,,,,,,,,,,,,,,,
계,성북구,2002,472.8,214.4,164.4,50,4,254.4,,,,,,637,,214,,,,,,422,,,,,,,,,,,,,,,,,,,,
계,성북구,2003,445.4,203.6,148.3,55.3,5.3,236.5,,,,,,478,,204,,,,,,274,,,,,,,,,,,,,,,,,,,,
계,성북구,2004,429.3,216.6,131,85.6,11.9,200.8,,,,,,1476,,152,,65,,,,1260,,2,,,,,,,,,,,,,,,,,,
계,성북구,2005,399.2,246.6,156.6,90,14.1,138.5,,,,,,1164,,156,,90,,,,918,,2,,,,,,,,,,,,,,,,,,
계,성북구,2006,393.7,246.4,149.5,97,8.1,139.2,,,,,,1384,,182,,97,,3,,1103,,5,,,,,,,,,,,,,,,,,,
계,성북구,2007,417,284.5,179.8,104.7,42.6,89.9,,,,,,1642,,180,,105,,1,,1356,,2,,,,,,,,,,,,,,,,,,
계,성북구,2008,425.2,283.9,181.7,102.2,90.6,50.7,,,,,,2023,,182,,102,,7,,1732,,2,,,,,,,,,,,,,,,,,,
계,성북구,2009,401.7,281.4,177.3,104.1,102,18.3,,0.83,401.7,484457,,1086,,177,,104,,,,804,,2,,,,,,,,,,,,,,,,,,
계,성북구,2010,357.8,240.4,142.3,98.1,107.3,10.1,,0.72,357.8,497692,1168.7,1015.1,259.7,142.3,98.1,98.1,,,810.9,774.7,6.2,2.1,,,,,,,,,,,,,,,,,,
계,성북구,2011,297.5,173.9,68,105.9,108.2,15.4,,0.6,297.5,494422,1009.8,869.6,190.2,66.6,107.3,107.3,,,712.3,695.7,19.6,7.4,,,,,,,,,,,,,,,,,,
계,성북구,2012,300.6,172.6,67.2,105.5,107.2,20.8,,0.61,300.6,490639,817.3,678.1,195.1,67.1,105.5,105.5,,,516.7,505.5,8.1,2,,,,,,,,,,,,,,,,,,
계,성북구,2013,274.9,157.6,52.6,105,102.4,14.9,,0.57,274.9,485347,1040.9,916.6,169.9,52.6,105,105,,,766,759,8.8,2,,,,,,,,,,,,,,,,,,
계,성북구,2014,366.6,245.6,136.2,109.4,96.6,24.4,,0.77,366.6,475961,1117.6,994.2,257.2,136.2,109.4,109.4,,,751,748.6,8.2,2.1,,109.4,91.3,24.5,44.3,22.5,18.1,7.4,6.3,4.2,,0.2,,,,,,
계,성북구,2015,359.2,248.6,141.7,106.9,91.9,18.7,,0.76,359.2,469560,1237.4,1120.3,252.3,141.7,106.9,106.9,,,878.2,871.7,9,2.1,,106.9,91,23.1,46.2,21.7,15.9,7.9,5.4,2.4,,0.2,,,,,,
계,성북구,2016,358.3,253.8,150.6,103.2,91.2,13.3,,0.78,358.3,461617,1664.5,1552.9,255.1,150.6,103.2,103.2,,,1306.2,1299.1,9.7,1.8,,103.2,87.7,25.8,42.1,19.8,15.5,9,4.3,1.9,,0.3,,,,,,
계,성북구,2017,345.5,238,142.6,95.4,91.2,16.3,,0.76,345.5,455407,1163.9,1050.7,250.1,142.6,95.4,95.4,,,818.4,812.7,8.5,1.6,,95.4,81.2,25.5,38.4,17.3,14.2,9.2,4.6,0.1,,0.3,,,,,,
계,성북구,2018,348.5,249.8,155.8,94,85.3,13.4,,0.78,348.5,447687,2388.7,2235.7,254.5,155.8,94,94,,,2040.2,1985.9,9.9,1.5,,94,79.3,24,36.7,18.6,14.7,8.3,4.5,1.8,,0.1,,,,,,
계,성북구,2019,371.3,275.6,180.5,95.1,86.1,8.8,0.8,0.82,371.3,454744,1345.4,1246.2,277.5,181.8,93.8,93.8,3.4,2.7,970.7,967.9,9.2,1.4,,93.8,80.5,18.5,44.7,17.3,11.6,9.7,1.7,0.1,,0.1,1.7,,,1.7,,
계,성북구,2020,132342,90004,58017,31987,37020,5206,112,0.81,361.6,447056,434220,390779,132342,90004,,,2406,2398,299472,298377,3186,457,90,86.9,77,23.2,39.4,14.4,8.1,5.4,2.6,0.1,,0.1,1.8,,,1.8,,
계,성북구,2021,136000,100565,68936,31629,31140,3620,675,0.85,372.6,440142,613842,577995,136000,100565,,,3657,3629,474185,473801,3239,494,94.2,86.7,75,28,38.1,8.9,8.9,6.6,2.1,0.1,,0.1,2.8,,,2.8,,
계,성북구,2022,125909,85083,51634,33449,29930,3031,7865,0.78,345,441984,583781,542948,125909,85083,,,620,612,457253,457253,3533,549,93,91.9,80.3,56.6,22,1.8,10.2,7.6,2.4,0.2,,0,1.3,,,1.3,,
계,성북구,2023,123724,83204,49463,33741,38734,1421,365,0.77,339,438168,315847,275314,123724,83204,,,5042,5032,187081,187078,3347,540,87.2,92.4,79.2,37.8,29.7,11.7,12.2,8.8,3.2,0.1,,0.1,1,,,1,,
계,성북구,2024,117738,87203,55025,32178,28119,1972,445,0.74,321.7,435037,360312,329755,117738,87203,,,8729,8721,233845,233831,3289,578,91.5,,,,,,,,,,,,,,,,,
계,송파구,2000,813.9,408,334,74,5.1,400.8,,,,,,649,,409,,,,29,,211,,,,,,,,,,,,,,,,,,,,
계,송파구,2001,848.9,452.6,334.9,117.7,3.1,393.2,,,,,,2109,,453,,,,35,,1622,,,,,,,,,,,,,,,,,,,,
계,송파구,2002,822.4,461.9,328.9,133,10.7,349.8,,,,,,2300,,462,,,,35,,1803,,,,,,,,,,,,,,,,,,,,
계,송파구,2003,898,546.1,323.7,222.4,24,327.9,,,,,,2881,,546,,,,38,,2297,,,,,,,,,,,,,,,,,,,,
계,송파구,2004,882.1,564.6,337.8,226.8,17.1,300.4,,,,,,2965,,340,,225,,34,,2367,,5,,,,,,,,,,,,,,,,,,
계,송파구,2005,868.9,632.6,340.6,292,13.4,222.9,,,,,,2842,,341,,292,,34,,2175,,4,,,,,,,,,,,,,,,,,,
계,송파구,2006,884.6,640.3,351.3,289,18.7,225.6,,,,,,3706,,398,,289,,51,,2968,,6,,,,,,,,,,,,,,,,,,
계,송파구,2007,929.7,708.8,425.7,283.1,32.2,188.7,,,,,,2560,,426,,283,,37,,1814,,6,,,,,,,,,,,,,,,,,,
계,송파구,2008,935.8,695.8,398,297.8,131.8,108.2,,,,,,2183,,398,,298,,12,,1475,,9,,,,,,,,,,,,,,,,,,
계,송파구,2009,791.1,584.1,261.9,322.2,134.3,72.7,,1.15,791.1,689296,,3426,,262,,322,,1549,,1293,,11,,,,,,,,,,,,,,,,,,
계,송파구,2010,733.3,545.1,263.6,281.5,141.7,46.5,,1.06,733.3,693144,1902.5,1666.6,451.8,263.6,281.5,281.5,143.1,109.7,1026.1,1011.8,22.6,9.1,,,,,,,,,,,,,,,,,,
계,송파구,2011,751.5,531.7,257.7,274,146.1,73.7,,1.09,751.5,690466,2443.8,2027.4,466,246.2,285.5,285.5,97.4,84.2,1594.9,1411.5,15.6,2.6,,,,,,,,,,,,,,,,,,
계,송파구,2012,644.2,467.5,244.2,223.3,140.5,36.2,,0.95,644.2,680150,2543.2,2246.7,420.9,244.2,223.3,223.3,96.9,85.9,1802.1,1693.3,30.4,12.9,,,,,,,,,,,,,,,,,,
계,송파구,2013,599.8,425.7,238.9,186.8,131.8,42.3,,0.89,599.8,674955,2146.5,1864.6,413,238.9,186.8,186.8,96.9,85.9,1449.8,1353,34.4,14.1,,,,,,,,,,,,,,,,,,
계,송파구,2014,555.5,360.9,176.2,184.7,130.6,64,,0.83,555.5,671794,2232.1,1966.2,370.8,176.2,184.7,184.7,45.4,43.2,1631.2,1562.1,28.8,10.5,,184.7,169.9,37.3,76.6,56,14.8,1,8.7,3.6,1.4,0.1,,,,,,
계,송파구,2015,575.7,397.6,176.6,221,121.4,56.7,,0.86,575.7,667480,4142.2,3853.2,354.7,176.6,221,221,23.6,6.1,3542.9,3449.5,27.9,8.6,,221,163.9,38,67.2,58.7,57.1,20.8,15.7,19,0.4,1.2,,,,,,
계,송파구,2016,569.7,398.7,191.6,207.1,136,35,,0.86,569.7,664946,3334.4,3025.7,362.6,191.6,207.1,207.1,75.1,68.3,2689.6,2558.7,32.4,11.1,,207.1,154.4,40.1,60.9,53.4,52.7,19.4,11.4,18.1,2.6,1.2,,,,,,
계,송파구,2017,550.3,370.4,181.7,188.7,132.5,47.4,,0.82,550.3,671173,3909.9,3625.5,361.6,181.7,188.7,188.7,69,61.2,3290.6,3193.9,28.4,7.3,,188.7,148,37.4,61,49.6,40.7,12.4,11.6,15.6,0.3,0.8,,,,,,
계,송파구,2018,611.8,416.9,199.2,217.7,123.3,71.6,,0.91,611.8,673507,2915.1,2615.7,394.1,199.2,217.7,217.7,88.1,78.8,2215.2,2120,29.1,6.4,,217.7,147.4,38.2,60.3,48.9,70.3,18.5,12,20.2,13.3,6.3,,,,,,
계,송파구,2019,808.2,604.8,190.1,414.7,114.9,84.7,3.8,1.18,808.2,682741,2324.8,2035.2,581.5,378.1,226.7,226.7,89.5,75.6,1427.1,1354.8,28.3,6,,226.7,148.8,38.4,60.5,49.9,29.3,11.6,16.1,1.4,,0.2,48.6,9.3,0.1,21,13.2,5
계,송파구,2020,266247,198010,121708,76302,35498,32302,438,1.08,727.5,673926,1550391,1442997,266247,198010,,,31090,19702,1253053,1225285,13128,2358,93.1,208.5,144.1,38.5,63.6,42,22.1,7.5,13.2,1.2,,0.2,42.3,7.8,,18.8,13.6,2.2
계,송파구,2021,253209,173237,100368,72869,40967,31434,7571,1.04,693.7,663965,1097905,988953,253209,173237,,,37277,34863,807419,780853,11586,2170,90.1,210.9,139.5,38.9,62,38.6,20.2,9.5,9.6,1,,0.1,51.2,10.1,0,18,20.8,2.3
계,송파구,2022,301830,177052,105291,71761,39669,33624,51485,1.24,826.9,664514,898991,769201,301830,177052,,,70684,65984,526477,526166,10960,1646,85.6,212.8,136.4,36.8,60.1,39.4,19.3,9.3,9,0.7,,0.2,57.2,10.7,0.7,30.5,15,0.3
계,송파구,2023,262182,156087,87724,68363,39356,24918,41821,1.09,718.3,660025,675848,563083,262182,156087,,,83756,77380,329910,329617,10758,1982,83.3,187.3,131.1,33.4,58.8,39,19,9,9.5,0.4,,0.1,37.2,11.4,0.1,14.2,10.2,1.3
계,송파구,2024,268890,162401,96844,65558,48885,14789,42814,1.12,734.7,656310,722918,609502,268890,162401,,,77516,70720,376512,376381,9108,2176,84.3,,,,,,,,,,,,,,,,,
계,양천구,2000,497.4,247,226,21,235,15.4,,,,,,850,,249,,,,,,601,,,,,,,,,,,,,,,,,,,,
계,양천구,2001,581.8,329.2,303,26.2,227.9,24.7,,,,,,1474,,329,,,,,,1145,,,,,,,,,,,,,,,,,,,,
계,양천구,2002,466.3,253.9,195.2,58.7,192.3,20.1,,,,,,1012,,254,,,,,,758,,,,,,,,,,,,,,,,,,,,
계,양천구,2003,432.3,254.2,151.3,102.9,148.5,29.6,,,,,,810,,254,,,,,,556,,,,,,,,,,,,,,,,,,,,
계,양천구,2004,470.7,314.9,191.7,123.2,138.1,17.7,,,,,,729,,192,,123,,,,414,,2,,,,,,,,,,,,,,,,,,
계,양천구,2005,446.7,308.9,183.3,125.6,134.9,2.9,,,,,,662,,183,,126,,,,353,,2,,,,,,,,,,,,,,,,,,
계,양천구,2006,463.4,320.1,188.1,132,132,11.3,,,,,,602,,186,,132,,,,284,,0,,,,,,,,,,,,,,,,,,
계,양천구,2007,624.2,481.7,340.4,141.3,128,14.5,,,,,,1069,,341,,141,,,,587,,0,,,,,,,,,,,,,,,,,,
계,양천구,2008,505.4,339.1,186.1,153,109.7,56.6,,,,,,1005,,186,,153,,5,,661,,2,,,,,,,,,,,,,,,,,,
계,양천구,2009,534.7,363.8,205,158.8,88,82.9,,1.06,534.7,506684,,1179,,205,,159,,5,,811,,1,,,,,,,,,,,,,,,,,,
계,양천구,2010,277.4,220.8,66.7,154.1,45,11.6,,0.55,277.4,505223,958.6,863.6,123.3,66.7,154.1,154.1,,,681.2,642.8,3.6,0.8,,,,,,,,,,,,,,,,,,
계,양천구,2011,257.4,184.1,50.9,133.2,65.5,7.8,,0.51,257.4,505605,1297.9,1149.2,124.2,50.9,133.2,133.2,57.1,,983.4,965.1,9.9,5,,,,,,,,,,,,,,,,,,
계,양천구,2012,274.5,173.2,38.1,135.1,96.5,4.8,,0.55,274.5,500533,744.1,609.9,141,39.7,133.5,133.5,18.6,2.9,451,433.8,21.6,0.5,,,,,,,,,,,,,,,,,,
계,양천구,2013,276.1,179.1,41,138.1,89.5,7.5,,0.56,276.1,496934,1328.7,1169.5,138,41,138.1,138.1,19,2.8,1033.6,987.6,18.6,1.5,,,,,,,,,,,,,,,,,,
계,양천구,2014,347.9,230.7,111.3,119.4,96.3,20.9,,0.71,347.9,490708,995.2,795.3,228.5,111.3,119.4,119.4,61.8,2.7,585.5,561.9,17,1.8,,119.4,99.8,34.9,37.7,27.2,19.6,9.1,7,3.5,,,,,,,,
계,양천구,2015,322.5,222.5,105.3,117.2,81,19,,0.66,322.5,489010,1025.1,834,205.3,105.3,117.2,117.2,69,2.7,633.6,608.8,18.1,1.8,,117.2,99.3,33.7,36.9,28.7,17.9,7.2,6,4.7,,,,,,,,
계,양천구,2016,287.9,187.4,75.6,111.8,81.6,18.9,,0.6,287.9,481845,1312.3,1149.5,176.1,75.6,111.8,111.8,58.5,2.7,965.9,959.4,33.7,1.8,,111.8,96.9,30.9,36,30,14.9,7,4.4,3.5,,,,,,,,
계,양천구,2017,295.4,194.2,85.8,108.4,80.4,20.8,,0.62,295.4,475018,1193.6,1035.2,187,85.8,108.4,108.4,56.1,2.5,842.1,838.5,16.7,1.8,,108.4,91.6,28.5,33.8,29.3,16.8,8.1,6.2,2.5,,,,,,,,
계,양천구,2018,297.7,200,95.1,104.9,84.2,13.5,,0.64,297.7,468145,1063.1,907.3,192.8,95.1,104.9,104.9,42.7,1.2,722.7,706.1,20.5,1.9,,104.9,85.9,24.1,33.9,27.9,19,7.7,7.8,3.5,,,,,,,,
계,양천구,2019,340.8,221.5,104,117.5,101.3,18,,0.74,340.8,462285,1089.9,922.3,243.2,123.9,97.6,97.6,40.6,0.6,708.5,700.2,17.8,1.6,,97.6,79.7,22,32.7,25,14.3,8.4,5.9,,,,3.6,,,3.6,,
계,양천구,2020,144360,104623,72041,32582,33003,6734,,0.86,394.4,457781,452105,394133,144360,104623,,,15876,514,291869,288996,5935,665,87.2,89,79.4,21.8,36.4,21.2,7.5,3.9,3.6,,,,2.1,0.2,,1.9,,
계,양천구,2021,128894,86602,54322,32280,30053,10819,1420,0.78,353.1,450487,396564,334463,128894,86602,,,18134,730,249536,247131,3896,647,84.3,88.7,76.6,21.2,36,19.4,10.2,6.5,3.7,,,,1.9,0.2,,1.7,,
계,양천구,2022,123688,80582,47876,32706,33872,6324,2911,0.76,338.9,444010,304154,242188,123688,80582,,,26016,7159,154450,154447,2803,675,79.6,90,77.3,22.3,37.3,17.7,10.7,7.1,3.6,,,,2,0.2,,1.7,,
계,양천구,2023,115678,78725,48748,29977,29907,6779,266,0.72,316.9,439252,244751,188397,115678,78725,,,21244,1842,107829,107829,3023,786,77,82.1,70.6,21.1,33.6,15.8,9.4,7.3,2.1,,,,2.2,0.3,,1.8,,
계,양천구,2024,121756,72237,42695,29542,33545,6453,9522,0.77,332.7,434351,329437,260506,121756,72237,,,19846,438,187835,187832,3383,817,79.1,,,,,,,,,,,,,,,,,
계,영등포구,2000,596.2,217.7,155,62.7,0.7,377.8,,,,,,860,,215,,,,52,,593,,,,,,,,,,,,,,,,,,,,
계,영등포구,2001,628,226.4,162.2,64.2,7,394.6,,,,,,1837,,226,,,,68,,1543,,,,,,,,,,,,,,,,,,,,
계,영등포구,2002,670.3,252.3,192.4,59.9,10,408,,,,,,1529,,252,,,,75,,1202,,,,,,,,,,,,,,,,,,,,
계,영등포구,2003,686.4,272.8,208.7,64.1,7.2,406.4,,,,,,1912,,273,,,,54,,1586,,,,,,,,,,,,,,,,,,,,
계,영등포구,2004,658.2,317.3,183.5,133.8,7.3,333.6,,,,,,2086,,205,,113,,61,,1708,,5,,,,,,,,,,,,,,,,,,
계,영등포구,2005,559.5,344.7,163.7,181,4.3,210.5,,,,,,1576,,164,,181,,39,,1192,,5,,,,,,,,,,,,,,,,,,
계,영등포구,2006,540.4,354.2,163.1,191.1,6,180.2,,,,,,1360,,202,,191,,99,,868,,4,,,,,,,,,,,,,,,,,,
계,영등포구,2007,561.9,360.5,163.7,196.8,67.5,133.9,,,,,,1725,,164,,197,,30,,1334,,11,,,,,,,,,,,,,,,,,,
계,영등포구,2008,599.8,411.5,201.7,209.8,91.2,97.1,,,,,,1558,,202,,210,,34,,1112,,4,,,,,,,,,,,,,,,,,,
계,영등포구,2009,537,407.1,200.2,206.9,66.7,63.2,,1.22,537,441747,,1908,,200,,207,,23,,1479,,5,,,,,,,,,,,,,,,,,,
계,영등포구,2010,541.1,422.1,215.1,207,46.5,72.5,,1.21,541.1,445648,1657.2,1490.6,334.1,215.1,207,207,25.3,25.3,1090.8,1043.2,15.9,6.5,,,,,,,,,,,,,,,,,,
계,영등포구,2011,366,227.3,20.4,206.9,110.2,28.5,,0.83,366,439555,1658.2,1442.2,158.7,20,207.3,207.3,12,5.4,1280.2,1209.5,7.5,0.8,,,,,,,,,,,,,,,,,,
계,영등포구,2012,403.2,246.5,47.3,199.2,126.2,30.5,,0.94,403.2,426876,1801,1609,204,47.3,199.2,199.2,,,1397.8,1362.5,15.8,3.6,,,,,,,,,,,,,,,,,,
계,영등포구,2013,305.8,163.7,22.9,140.8,112.2,29.9,,0.73,305.8,421577,1319.8,1129.6,165,22.9,140.8,140.8,12.6,6.7,1001.4,959.2,14.5,3.3,,,,,,,,,,,,,,,,,,
계,영등포구,2014,356.1,196.2,59.1,137.1,119.9,40,,0.84,356.1,421436,1674.8,1468.2,219,59.1,137.1,137.1,93.8,71.5,1224.9,1200.5,4.7,0.2,,137.1,117.5,55.2,28.2,34.1,19.6,7.5,7.4,4.3,,0.4,,,,,,
계,영등포구,2015,389.9,249,88.3,160.7,113.5,27.4,,0.93,389.9,417811,1276.6,1081,229.2,88.3,160.7,160.7,93.7,71.3,793,760.7,16.6,3.8,,160.7,114.9,54.5,29.3,31.1,45.8,17.7,16.9,10,,1.2,,,,,,
계,영등포구,2016,406.8,287.7,132.7,155,97.4,21.7,,1,406.8,406779,1641.7,1479.2,251.8,132.7,155,155,14.6,11.3,1220.3,1180.2,13.4,3.2,,155,112.2,57.3,29,25.9,42.8,15.8,19.3,6.3,,1.4,,,,,,
계,영등포구,2017,340.7,230.2,75.7,154.5,88.5,22,,0.85,340.7,402024,3012.7,2870.7,186.2,75.7,154.5,154.5,41.2,41.2,2630.8,2599.3,12.3,2.8,,154.5,105.4,50.5,27.9,27,49.1,13.6,22.2,12.1,,1.2,,,,,,
계,영등포구,2018,335.3,216.6,82.3,134.3,106.4,12.3,,0.83,335.3,403600,2322.4,2191.6,201,82.3,134.3,134.3,41.3,41.3,1945.8,1933.7,12.4,2.8,,134.3,103,52,27.7,23.3,31.3,11.1,19,0.4,0.1,0.7,,,,,,
계,영등포구,2019,417.3,266.4,111,155.4,99.6,47.6,3.7,1.04,417.3,400986,2540.7,2374.6,270.9,120,146.4,146.4,38.7,38.6,2084.7,2069.6,15.4,2.9,,146.4,103.7,54.8,27.2,21.7,31.5,12.4,18.8,,,0.4,11.1,2.9,,6.8,,1.5
계,영등포구,2020,164492,108772,58838,49934,44477,9801,1442,1.1,449.4,407367,783413,724246,164492,108772,,,20695,20504,598226,594970,5778,1056,92.4,136.5,98.3,50.3,28.8,19.2,24,7.6,16,,,0.4,14.2,3.3,,10.2,,0.7
계,영등포구,2021,161206,112103,64107,47997,32519,14311,2274,1.1,441.7,400908,697666,641902,161206,112103,,,16433,15922,520027,513877,5380,1139,92,131.6,94.4,48.6,29.4,16.4,22.1,7.3,14.2,0.1,,0.5,15.1,2.2,,12.1,,0.8
계,영등포구,2022,167303,113275,65114,48162,39621,13033,1375,1.15,458.4,398085,820843,761703,167303,113275,,,31221,26187,622319,622241,4808,1250,92.8,134.8,92.9,38.7,29.2,25.1,25.8,8.6,16.9,,,0.3,16.1,4.1,0.1,10.8,,1.1
계,영등포구,2023,166688,114964,66360,48604,40194,10454,1076,1.15,456.7,397800,562288,509396,166688,114964,,,16535,16149,379065,378282,4831,1354,90.6,133.2,89.6,40.1,26.9,22.6,28.2,9.2,18.5,,,0.4,15.5,5.9,0.3,8.1,,1.3
계,영등포구,2024,158377,106906,60696,46210,42491,7829,1150,1.09,432.7,397173,588576,536932,158377,106906,,,16008,15870,414191,414156,4706,1354,91.2,,,,,,,,,,,,,,,,,
계,용산구,2000,345.8,127.6,107,20.6,2.5,215.7,,,,,,2168,,125,,,,11,,2032,,,,,,,,,,,,,,,,,,,,
계,용산구,2001,351,133.3,97.2,36.1,0.7,217,,,,,,491,,133,,,,,,358,,,,,,,,,,,,,,,,,,,,
계,용산구,2002,350.8,137.7,98.1,39.6,,213.1,,,,,,1521,,138,,,,,,1383,,,,,,,,,,,,,,,,,,,,
계,용산구,2003,346.2,135.6,96.4,39.2,9.7,200.9,,,,,,1247,,136,,,,,,1112,,,,,,,,,,,,,,,,,,,,
계,용산구,2004,343.1,138.5,80.6,57.9,9.1,195.5,,,,,,237,,96,,43,,,,98,,4,,,,,,,,,,,,,,,,,,
계,용산구,2005,300.8,173.8,71.8,102,94.2,32.8,,,,,,1163,,72,,102,,,,989,,4,,,,,,,,,,,,,,,,,,
계,용산구,2006,326.2,172.8,83.3,89.5,124.2,29.2,,,,,,783,,63,,90,,0,,631,,3,,,,,,,,,,,,,,,,,,
계,용산구,2007,286.1,148,63.8,84.2,110.7,27.4,,,,,,834,,64,,84,,,,686,,4,,,,,,,,,,,,,,,,,,
계,용산구,2008,284.4,148.9,62.7,86.2,111.8,23.7,,,,,,2037,,63,,86,,,,1888,,2,,,,,,,,,,,,,,,,,,
계,용산구,2009,326.7,217.1,123.7,93.4,90.8,18.8,,1.3,326.7,251200,,1164,,124,,93,,,,947,,5,,,,,,,,,,,,,,,,,,
계,용산구,2010,203.7,180.8,85,95.8,16.7,6.2,,0.79,203.7,257143,910.7,867,107.9,85,95.8,95.8,,,707,686.2,6.3,2.3,,,,,,,,,,,,,,,,,,
계,용산구,2011,214.2,105.1,20.4,84.7,97.3,11.8,,0.83,214.2,259288,1091.3,969.8,129.5,20.4,84.7,84.7,,,877.1,864.7,7.5,4.2,,,,,,,,,,,,,,,,,,
계,용산구,2012,227.9,122.5,39.8,82.7,97,8.4,,0.89,227.9,255294,1887.9,1630.2,145.2,39.8,82.7,82.7,,,1660,1507.7,10.4,1.4,,,,,,,,,,,,,,,,,,
계,용산구,2013,193.2,97.3,19.3,78,87.6,8.3,,0.77,193.2,251925,903.5,792.4,115.2,19.3,78,78,,,710.3,695.1,5,1.9,,,,,,,,,,,,,,,,,,
계,용산구,2014,273,177.3,100.2,77.1,86.9,8.8,,1.09,273,249914,1210.2,1095.7,195.9,100.2,77.1,77.1,,,937.2,918.4,7.4,1.8,,77.1,61.7,16.7,22.1,22.9,15.4,4.5,5.1,3.3,,2.5,,,,,,
계,용산구,2015,255.1,165.5,87.7,77.8,79.9,9.7,,1.03,255.1,247909,907.3,802.7,177.3,87.7,77.8,77.8,42,42,610.6,595.6,5.5,1.8,,77.8,61.6,24.1,16.7,20.8,16.2,5.2,6.1,3.6,,1.3,,,,,,
계,용산구,2016,262.1,166.9,89.7,77.2,83.9,11.3,,1.07,262.1,245102,914.9,805.3,184.9,89.7,77.2,77.2,38.6,38.6,614.2,599.8,6.3,2.1,,77.2,60,21.5,16.4,22.1,17.2,5.3,5.9,4.5,,1.5,,,,,,
계,용산구,2017,262.7,166.2,91.3,74.9,79.4,17.1,,1.07,262.7,244444,1564.1,1440.1,187.8,91.3,74.9,74.9,12.3,9.8,1289.1,1264.1,4.9,1.2,,74.9,56.9,19.8,16.2,20.9,18,4.7,7.1,4.1,,2.1,,,,,,
계,용산구,2018,288.4,193,118.9,74.1,74.5,20.9,,1.18,288.4,245090,1155.5,1051.5,214.3,118.9,74.1,74.1,11.6,10.8,855.5,847.7,5.1,1.2,,74.1,55.3,20.3,15.1,19.9,18.8,5.4,6.6,4.8,,2,,,,,,
계,용산구,2019,305.2,198.6,127.8,70.8,69.3,31.3,6,1.24,305.2,245185,1137.4,1008.5,231.1,124.5,74.1,74.1,11,7.4,821.2,802.5,3.4,1.1,,74.1,55.4,24.3,14.3,16.8,10.8,3.8,6.1,0.2,,0.7,7.9,3.7,4.2,,,
계,용산구,2020,110255,72190,48882,23308,28417,9575,73,1.23,301.2,244645,382283,339171,110255,72190,,,5023,4709,267005,262272,2976,1400,88.7,63.7,49.1,21.3,14.1,13.6,6.7,2.8,3.8,0.1,,0.1,7.9,2.5,3.6,,,1.8
계,용산구,2021,107173,68334,45669,22665,29489,9113,237,1.24,293.6,237285,568349,527388,107173,68334,,,204139,203377,257038,255678,2331,821,92.8,62.7,45.9,24.4,11.2,10.3,8,3.2,3.5,0.1,,1.2,8.8,1.8,,5.9,,1.1
계,용산구,2022,216363,178471,153510,24960,31172,6511,209,2.54,592.8,233284,947105,907608,216363,178471,,,365558,365180,365184,363958,2603,770,95.8,64.9,44.6,26.3,8.1,10.2,10.5,4.8,5.4,0.1,,0.3,9.7,2.6,,5.4,,1.7
계,용산구,2023,208742,171993,149004,22989,31658,4979,111,2.52,571.9,227106,859006,820708,208742,171993,,,240879,240358,409386,408357,2818,1037,95.5,63.2,45.9,19.5,10.6,15.8,9.6,5.1,4.2,0.1,,0.2,7.7,2.8,,3.7,,1.2
계,용산구,2024,103895,67515,42197,25318,32618,3506,257,1.31,283.9,217194,421774,384982,103895,67515,,,43457,43190,274422,274278,2273,552,91.3,,,,,,,,,,,,,,,,,
계,은평구,2000,359,145,116,29,1.7,212.3,,,,,,531,,138,,,,,,393,,,,,,,,,,,,,,,,,,,,
계,은평구,2001,386.9,171.5,119.7,51.8,3.4,212,,,,,,807,,172,,,,,,636,,,,,,,,,,,,,,,,,,,,
계,은평구,2002,404.6,178.7,124,54.7,3.4,222.5,,,,,,1129,,179,,,,3,,947,,,,,,,,,,,,,,,,,,,,
계,은평구,2003,382.7,153.9,95.4,58.5,3.3,225.5,,,,,,731,,154,,,,,,577,,,,,,,,,,,,,,,,,,,,
계,은평구,2004,347.8,141.9,66.8,75.1,2.6,203.3,,,,,,606,,85,,57,,,,464,,2,,,,,,,,,,,,,,,,,,
계,은평구,2005,331.3,188.6,102.6,86,4.3,138.4,,,,,,1357,,103,,86,,,,1168,,2,,,,,,,,,,,,,,,,,,
계,은평구,2006,318.9,172.6,87.9,84.7,8,138.3,,,,,,2138,,55,,85,,,,1997,,3,,,,,,,,,,,,,,,,,,
계,은평구,2007,295.3,147.7,60.6,87.1,9.3,138.3,,,,,,3096,,61,,87,,,,2948,,2,,,,,,,,,,,,,,,,,,
계,은평구,2008,286.4,139.2,55.4,83.8,25.8,121.4,,,,,,3382,,55,,84,,,,3242,,2,,,,,,,,,,,,,,,,,,
계,은평구,2009,344.4,215.1,137.8,77.3,28.7,100.6,,0.73,344.4,470782,,2191,,138,,77,,0,,1975,,2,,,,,,,,,,,,,,,,,,
계,은평구,2010,264.6,130.4,52.1,78.3,40.3,93.9,,0.54,264.6,492925,1238.5,1086.2,186.3,52.1,78.3,78.3,3.1,0.3,970.8,955.5,6.3,2,,,,,,,,,,,,,,,,,,
계,은평구,2011,270.3,136.2,55.9,80.3,39.4,94.7,,0.54,270.3,498350,1692.7,1546.8,186.7,52.6,83.6,83.6,3.1,0.3,1419.3,1410.3,4.3,2,,,,,,,,,,,,,,,,,,
계,은평구,2012,261.1,136,62.9,73.1,43.7,81.4,,0.52,261.1,505902,1524.4,1273,188,62.9,73.1,73.1,14.9,11.4,1248.4,1125.6,5.7,1.6,,,,,,,,,,,,,,,,,,
계,은평구,2013,294.9,153.9,69.2,84.7,41.9,99.1,,0.58,294.9,508111,1273.4,1014.1,210.2,69.2,84.7,84.7,14.9,11.4,963.6,848.8,5.4,1.6,,,,,,,,,,,,,,,,,,
계,은평구,2014,300.3,158.2,69.6,88.6,44.5,97.6,,0.6,300.3,503243,1271.5,1051.7,211.7,69.6,88.6,88.6,32.9,28.5,938.3,865,5.6,1.7,,88.6,77.5,53.3,15.9,8.3,11.1,5.4,3.2,2.5,,,,,,,,
계,은평구,2015,227.5,159.8,66.6,93.2,40.8,26.9,,0.45,227.5,502578,1348.3,1214.5,134.3,66.6,93.2,93.2,32.9,28.5,1087.9,1026.2,6.4,1.5,,93.2,80.4,56.7,14.6,9.1,12.8,6.4,3.9,2.5,,,,,,,,
계,은평구,2016,283.4,148.6,57.3,91.3,85.8,49,,0.57,283.4,495937,2010.9,1856.8,192.1,57.3,91.3,91.3,28.8,28.8,1698.7,1679.4,7.2,2,,91.4,78.1,51,17.3,9.8,13.3,6.7,3.9,2.7,,,,,,,,
계,은평구,2017,319.6,183.3,96.6,86.7,71.8,64.5,,0.65,319.6,491202,2342.4,2196.2,232.9,96.6,86.7,86.7,31.4,31.4,1991.4,1981.5,6.2,1.5,,86.7,71.1,46.3,13.8,11,15.6,7.5,3.8,4.3,,,,,,,,
계,은평구,2018,333.3,195,110.8,84.2,49.7,88.6,,0.68,333.3,487666,2043.5,1895.6,249.1,110.8,84.2,84.2,11.4,11.4,1698.8,1689.2,6.6,1.4,,84.2,70.2,45.1,13.3,11.8,14,6.2,3.9,3.8,,0.1,,,,,,
계,은평구,2019,369,224.9,150.8,74.1,49.2,94.5,0.4,0.76,369,484546,2303.7,2144.9,284.4,140.3,84.6,84.6,5.5,4.1,1929.2,1915.9,7.5,1.5,,84.6,69.4,44.3,13,12.1,10.6,6.5,4.1,,,,4.6,,,4.6,,
계,은평구,2020,139243,81603,52496,29107,19271,38299,71,0.79,380.4,484043,786241,725137,139243,81603,,,1442,1442,645555,642091,2980,625,92.2,78.4,68.2,44.7,13.2,10.3,7.4,3.9,3.5,,,,2.8,,,2.8,,
계,은평구,2021,138304,83540,55091,28450,14275,40420,69,0.79,378.9,477173,474065,418589,138304,83540,,,82,72,335679,334977,3905,669,88.3,77.9,66.1,43.4,13.4,9.3,8.2,5.1,3.1,,,0,3.6,1,,2.6,,
계,은평구,2022,128783,72461,44847,27614,16763,38861,698,0.75,352.8,470602,477827,421351,128783,72461,,,35,35,349009,348856,3336,754,88.2,75.7,63.1,42.5,10.1,10.5,8.9,5.7,3.2,,,0,3.7,1,,2.7,,
계,은평구,2023,123761,74038,47526,26512,16353,33351,20,0.72,339.1,470869,392490,342615,123761,74038,,,10304,10151,258426,258426,3455,873,87.3,72.6,60,43.6,8,8.5,9,5.9,3,,,0,3.6,1,,2.7,,
계,은평구,2024,127441,72827,46712,26115,24803,29811,,0.75,348.2,465350,615338,559766,127441,72827,,,12231,11603,475666,475336,3478,915,91,,,,,,,,,,,,,,,,,
계,종로구,2000,439.3,157.7,124,33.7,1.6,280,,,,,,191,,149,,,,,,42,,,,,,,,,,,,,,,,,,,,
계,종로구,2001,445.8,151.3,91.2,60.1,5.8,288.7,,,,,,180,,151,,,,,,29,,,,,,,,,,,,,,,,,,,,
계,종로구,2002,455.8,179.3,119.5,59.8,5.7,270.8,,,,,,388,,179,,,,,,208,,,,,,,,,,,,,,,,,,,,
계,종로구,2003,479.1,220.1,155.6,64.5,6.1,252.9,,,,,,585,,220,,,,,,365,,,,,,,,,,,,,,,,,,,,
계,종로구,2004,498.6,270,170.2,99.8,6.6,222,,,,,,1564,,192,,78,,,,1294,,2,,,,,,,,,,,,,,,,,,
계,종로구,2005,564.9,396.7,269.4,127.3,6.8,161.4,,,,,,1907,,270,,127,,,,1510,,2,,,,,,,,,,,,,,,,,,
계,종로구,2006,442.8,271.5,150.5,121,6.2,165.1,,,,,,1307,,151,,121,,2,,1033,,1,,,,,,,,,,,,,,,,,,
계,종로구,2007,467,300.4,175.4,125,7,159.6,,,,,,810,,175,,125,,,,510,,2,,,,,,,,,,,,,,,,,,
계,종로구,2008,432.5,273.4,151.4,122,8.4,150.7,,,,,,884,,151,,122,,,,610,,2,,,,,,,,,,,,,,,,,,
계,종로구,2009,385.4,242.9,121.5,121.4,98.8,43.7,,2.17,385.4,177543,,1366,,122,,121,,,,1123,,2,,,,,,,,,,,,,,,,,,
계,종로구,2010,439,288,154.1,133.9,85.7,65.3,,2.45,439,179362,1414,1207.3,305.1,154.1,133.9,133.9,,,975,919.3,13.6,2,,,,,,,,,,,,,,,,,,
계,종로구,2011,411,261.1,157.9,103.2,85.4,64.5,,2.32,411,177419,1406.2,1237.7,304.6,154.7,106.4,106.4,,,995.2,976.6,19,5.5,,,,,,,,,,,,,,,,,,
계,종로구,2012,386.6,268.9,159.9,109,102.8,14.9,,2.23,386.6,173148,1066.2,931.3,277.6,159.9,109,109,,,679.6,662.4,14.6,2.6,,,,,,,,,,,,,,,,,,
계,종로구,2013,354.7,222.5,106.9,115.6,98.8,33.4,,2.11,354.7,167867,1157.3,1009.8,239.1,106.9,115.6,115.6,,,802.6,787.3,24.2,2.4,,,,,,,,,,,,,,,,,,
계,종로구,2014,365.4,227.4,107.9,119.5,103.9,34.1,,2.21,365.4,165344,1860.8,1710.7,245.9,107.9,119.5,119.5,,,1495.4,1483.3,24.5,2.5,,119.5,77.4,59.4,10.9,7.1,42.1,8.2,33.3,,,0.6,,,,,,
계,종로구,2015,324.4,200.5,103.7,96.8,91.9,32,,1.98,324.4,163822,720.3,575.1,227.6,103.7,96.8,96.8,,,395.9,374.6,24.1,2.1,,96.8,76.8,57.9,10.7,8.2,20,8.2,11.5,,,0.3,,,,,,
계,종로구,2016,406,227.2,119.3,107.9,142.5,36.3,,2.51,406,161922,945.6,742.4,298.1,119.3,107.9,107.9,,,539.6,515.2,28.2,4.4,,107.9,69.8,41.4,5.9,22.5,38.1,17.4,19.6,,,1.1,,,,,,
계,종로구,2017,375.1,227.7,122.3,105.4,109.6,37.8,,2.28,375.1,164257,855.6,698.4,269.7,122.3,105.4,105.4,,,480.5,470.7,14.8,1.2,,105.3,65.2,18.5,3.3,43.4,40.1,20.1,19.5,,,0.5,,,,,,
계,종로구,2018,362.7,234.7,133.9,100.8,86.1,41.9,,2.22,362.7,163026,946.5,811.1,261.9,133.9,100.8,100.8,,,583.8,576.4,19.6,4.6,,100.8,64.5,18.4,3.9,42.2,36.3,15.7,17.1,,,3.5,,,,,,
계,종로구,2019,339.9,219.6,124.5,95.1,79.9,40.3,0.1,2.1,339.9,161869,860.1,728,244.3,124,95.6,95.6,0.6,0.2,519.6,508.2,21.9,7.3,,95.6,65.7,18.4,4.2,43.1,27.4,10.5,15.8,,,1.1,2.5,1.3,,,,1.3
계,종로구,2020,96692,56165,28337,27828,30536,9466,525,1.66,264.2,158996,342206,299486,96692,56165,,,536,375,244977,242946,6916,1831,87.5,76.1,53,18.1,4.7,30.2,18.3,5.5,12.1,,,0.7,4.8,4.4,,,,0.4
계,종로구,2021,83878,45404,20135,25269,30427,7518,529,1.49,229.8,153789,419436,379918,83878,45404,,,575,448,334984,334066,7666,1847,90.6,69.3,49.5,16.4,4.4,28.7,17.2,5.9,10.6,0.1,,0.6,2.6,2.3,0.2,,,0.2
계,종로구,2022,104369,62003,33722,28281,35421,6635,310,1.88,285.9,152211,381189,337063,104369,62003,,,964,577,275856,274483,6828,1247,88.4,75.5,53.1,14.8,4.1,34.2,20.6,6.8,12.9,0.1,,0.7,1.8,1.6,,,,0.2
계,종로구,2023,97419,54632,25469,29163,35774,5645,1368,1.77,266.9,150453,319564,271653,97419,54632,,,5548,567,216598,216454,6669,1434,85,79.9,54.8,13.2,3.9,37.7,20.5,7.1,12.8,,,0.6,4.6,3.6,,,,1
계,종로구,2024,98887,58688,29130,29559,35903,3869,427,1.81,270.2,149608,274926,233974,98887,58688,,,2447,1746,173592,173540,5592,1277,85.1,,,,,,,,,,,,,,,,,
계,중구,2000,513.6,225.6,131,94.6,0.8,287.2,,,,,,650,,223,,,,,,427,,,,,,,,,,,,,,,,,,,,
계,중구,2001,587.1,282.4,188.5,93.9,1.1,303.6,,,,,,642,,282,,,,,,360,,,,,,,,,,,,,,,,,,,,
계,중구,2002,550.1,241.9,150.4,91.5,1.4,306.8,,,,,,626,,242,,,,,,384,,,,,,,,,,,,,,,,,,,,
계,중구,2003,546.7,259.7,150.4,109.3,2.4,284.6,,,,,,1976,,260,,,,,,1716,,,,,,,,,,,,,,,,,,,,
계,중구,2004,512.5,241.3,138.8,102.5,1.9,269.3,,,,,,1079,,140,,102,,,,838,,3,,,,,,,,,,,,,,,,,,
계,중구,2005,485.4,269.7,129.1,140.6,153.9,61.8,,,,,,1007,,128,,141,,,,738,,3,,,,,,,,,,,,,,,,,,
계,중구,2006,499.3,277.7,127.9,149.9,182.6,39,,,,,,1902,,262,,150,,0,,1490,,3,,,,,,,,,,,,,,,,,,
계,중구,2007,501.8,277.7,136.5,141.2,195.6,28.5,,,,,,1827,,137,,141,,,,1549,,2,,,,,,,,,,,,,,,,,,
계,중구,2008,621.3,405.3,261.8,143.5,184.6,31.4,,,,,,2000,,262,,144,,,,1595,,4,,,,,,,,,,,,,,,,,,
계,중구,2009,487.4,290.7,147.4,143.3,155.3,41.4,,3.54,487.4,137861,,1631,,147,,143,,,,1340,,3,,,,,,,,,,,,,,,,,,
계,중구,2010,529.2,288.4,148.4,140,198.1,42.7,,3.75,529.2,141200,1295.1,1015.1,389.2,148.4,140,140,0.2,,765.7,726.7,7.4,2.5,,,,,,,,,,,,,,,,,,
계,중구,2011,562.9,318.2,175.5,142.7,203.3,41.4,,3.98,562.9,141567,1267.9,981.5,420.2,175.5,142.7,142.7,0.1,,704.9,663.3,9,4.8,,,,,,,,,,,,,,,,,,
계,중구,2012,553.4,330.5,182.6,147.9,208.6,14.3,,3.93,553.4,140807,1048.4,798.4,405.5,182.6,147.9,147.9,0.1,,494.9,467.9,8.1,2.5,,,,,,,,,,,,,,,,,,
계,중구,2013,507.9,327.9,196.5,131.4,166.7,13.3,,3.68,507.9,137990,1197.3,986,376.5,196.5,131.4,131.4,0.1,,689.3,658.1,7.6,2.3,,,,,,,,,,,,,,,,,,
계,중구,2014,504.5,317.1,187.1,130,168,19.4,,3.7,504.5,136227,1574.8,1365.6,374.5,187.1,130,130,,,1070.3,1048.5,7.4,2.2,,130,82.5,7.2,13.3,62,47.5,9,20.4,7,,11.1,,,,,,
계,중구,2015,500.3,315.1,187.3,127.8,164.5,20.7,,3.72,500.3,134329,1328.1,1088.2,372.5,187.3,127.8,127.8,,,827.8,773.1,7.1,2.2,,127.8,80.5,7.3,12.3,60.9,47.3,8.2,15.7,11.7,,11.7,,,,,,
계,중구,2016,499.2,312.2,186.1,126.1,167,20,,3.71,499.2,134409,1511.2,1274.4,373.1,186.1,126.1,126.1,,,1012,962.2,7.6,2,,126.1,74.1,7.5,10.5,56.1,52,8.9,18.1,12.2,,12.8,,,,,,
계,중구,2017,446,225.4,118,107.4,183.1,37.5,,3.31,446,134593,1211.9,951.6,338.6,118,107.4,107.4,,,765.9,726.2,8.7,1.7,,107.5,62.6,8.6,9.9,44.1,44.9,7.7,18,6.5,,12.7,,,,,,
계,중구,2018,429.7,241.5,126.7,114.8,147,41.2,,3.17,429.7,135633,1042.1,845.3,314.9,126.7,114.8,114.8,,,612.4,603.8,7.6,1.8,,114.8,60.4,8.3,9.5,42.6,54.4,8.9,21.1,11.4,,13,,,,,,
계,중구,2019,413.7,224.3,136.5,87.8,133.9,55.5,,3.03,413.7,136488,1459.8,1265.6,297.3,107.9,116.4,116.4,0.4,0.1,1045.7,1041.2,8.4,2.4,,116.4,60.2,8.5,9.3,42.4,26.9,6.5,17.8,0.3,,2.4,29.3,2.6,0.9,14.4,,11.4
계,중구,2020,130842,72461,43148,29313,47006,11375,,2.66,357.5,134635,564935,504453,130842,72461,,,3891,3272,430202,428720,3734,1013,89.3,80.8,47.1,8,9.2,29.9,18.1,4.8,12.5,0.3,,0.5,15.6,2.2,0.6,5.7,,7.1
계,중구,2021,108816,50113,21472,28641,48862,9611,229,2.26,298.1,131787,421214,361109,108816,50113,,,703,623,311695,310374,4244,1189,85.7,78.5,43.9,8.7,9,26.2,20.4,5.3,13.1,1.5,,0.6,14.2,1.3,0.3,6.4,,6.2
계,중구,2022,118766,66571,31899,34672,43571,8318,306,2.49,325.4,130785,438390,386137,118766,66571,,,572,526,319051,319040,3446,890,88.1,90.6,48.9,9,9.4,30.6,23.4,5.1,17.2,0.2,,0.8,18.3,0.9,2.4,4.6,,10.3
계,중구,2023,132481,78731,41777,36954,45292,6595,1862,2.75,363,131793,346386,292569,132481,78731,,,299,256,213607,213582,2752,651,84.5,101.7,51.1,8.8,8,34.3,25.9,5.9,17.7,1.1,,1.2,24.7,2.1,2.1,7.7,,12.9
계,중구,2024,133576,85767,47751,38016,41851,4641,1318,2.78,365,131214,460797,412875,133576,85767,,,25473,25362,301748,301747,2404,707,89.6,,,,,,,,,,,,,,,,,
계,중랑구,2000,366.8,151,107,44,2.6,213.2,,,,,,400,,144,,,,,,256,,,,,,,,,,,,,,,,,,,,
계,중랑구,2001,334.6,125.9,86.1,39.8,3.1,205.6,,,,,,961,,126,,,,,,835,,,,,,,,,,,,,,,,,,,,
계,중랑구,2002,339.9,139,102,37,6.3,194.6,,,,,,871,,139,,,,,,732,,,,,,,,,,,,,,,,,,,,
계,중랑구,2003,340.2,142.2,106.6,35.6,11.3,186.7,,,,,,1526,,142,,,,,,1384,,,,,,,,,,,,,,,,,,,,
계,중랑구,2004,319.5,163.6,91.1,72.5,6.1,149.8,,,,,,1368,,114,,50,,,,1204,,2,,,,,,,,,,,,,,,,,,
계,중랑구,2005,342.8,221.4,140.9,80.5,5.9,115.5,,,,,,625,,141,,80,,,,404,,2,,,,,,,,,,,,,,,,,,
계,중랑구,2006,339.6,183.7,103.7,80.1,9.1,146.8,,,,,,1975,,92,,80,,,,1803,,2,,,,,,,,,,,,,,,,,,
계,중랑구,2007,359.3,169.7,89,80.7,71.2,118.4,,,,,,1064,,89,,81,,,,894,,3,,,,,,,,,,,,,,,,,,
계,중랑구,2008,292,169.1,92.4,76.7,76,46.9,,,,,,755,,92,,77,,,,586,,3,,,,,,,,,,,,,,,,,,
계,중랑구,2009,393.5,285.5,210.6,74.9,86.6,21.4,,0.92,393.5,429700,,649,,211,,75,,,,364,,2,,,,,,,,,,,,,,,,,,
계,중랑구,2010,214.9,124,27.3,96.7,65.7,25.2,,0.5,214.9,432302,1004.5,898.2,118.2,27.3,96.7,96.7,,,789.6,774.2,2.8,0.9,,,,,,,,,,,,,,,,,,
계,중랑구,2011,213.1,110.5,18.9,91.6,91.1,11.5,,0.5,213.1,428672,921.7,800.8,121.4,18.8,91.7,91.7,,,708.6,690.3,5.4,2.4,,,,,,,,,,,,,,,,,,
계,중랑구,2012,222.5,124.5,27.1,97.4,90.8,7.2,,0.53,222.5,423655,841.9,731.5,125.1,27.1,97.4,97.4,,,619.4,607,6.4,3.6,,,,,,,,,,,,,,,,,,
계,중랑구,2013,227.4,127.1,24.5,102.6,86.4,13.9,,0.54,227.4,421237,865.1,659.6,124.8,24.5,102.6,102.6,,,637.7,532.5,4.2,1.6,,,,,,,,,,,,,,,,,,
계,중랑구,2014,369.4,262,159.6,102.4,83.8,23.6,,0.87,369.4,423411,1165.6,1053.3,267,159.6,102.4,102.4,,,796.2,791.3,3.9,1,,102.4,95.9,46.9,30.2,18.8,6.5,3,1.9,1.6,,,,,,,,
계,중랑구,2015,392.1,287.9,188.3,99.6,88.9,15.3,,0.94,392.1,418620,1252.7,1139.8,292.5,188.3,99.6,99.6,9,4,851.8,847.9,3.6,0.6,,99.6,88.9,41.8,28.8,18.3,10.7,4.2,3.5,3,,,,,,,,
계,중랑구,2016,387.9,283.6,190.4,93.2,90,14.3,,0.93,387.9,415677,1091.2,980.1,294.7,190.4,93.2,93.2,5,0.1,698.3,696.4,5.2,1.7,,93.2,82,36.7,25.4,19.9,11.2,4.3,3.5,3.4,,,,,,,,
계,중랑구,2017,361.3,263.5,172.8,90.7,81.7,16.1,,0.88,361.3,412780,1793.4,1687.5,270.6,172.8,90.7,90.7,1.8,0.4,1430.3,1423.6,4.6,0.8,,90.6,80.1,37.3,24.4,18.4,10.5,4.2,3.9,2.4,,,,,,,,
계,중랑구,2018,391.9,281.7,192.9,88.8,84.2,26,,0.96,391.9,408147,1763.1,1635.8,303.1,192.9,91.4,88.8,10.4,2,1358.2,1352.1,5.6,1.7,,91.4,81.3,39.5,23.8,18,10.1,4,3.5,2.6,,,,,,,,
계,중랑구,2019,330.5,223.1,186,37.1,89.3,17.7,0.4,0.82,330.5,402024,1580.8,1459.7,239.5,132.1,91,91,7.5,1.5,1242.8,1235.1,5.1,1.6,,91,81.8,40.8,22.8,18.2,6.2,3.4,2.8,,,,3,0.6,,2.4,,
계,중랑구,2020,123561,82943,51207,31736,33840,6778,,0.84,337.6,399562,439624,396267,123561,82943,,,4022,1974,312042,311350,1765,560,90.1,86.7,80.2,40.1,22.7,17.4,4.6,2.3,2.3,,,,1.9,0.3,,1.5,,
계,중랑구,2021,105213,64188,33497,30691,33476,7527,23,0.74,288.3,391885,492843,449437,105213,64188,,,6204,4126,381425,381123,2067,562,91.2,84.2,77.4,39.4,22.4,15.6,5.1,3.2,1.9,,,,1.7,0.4,,1.3,,
계,중랑구,2022,104375,63404,32872,30532,33253,6819,900,0.73,286,390140,316158,274261,104375,63404,,,3798,3256,207985,207602,1895,577,86.7,83.5,75.6,39.1,21,15.5,5.8,3.5,2.2,,,,2.1,0.5,,1.5,,
계,중랑구,2023,96847,57284,28112,29172,35055,4233,275,0.68,265.3,387470,201978,162026,96847,57284,,,3464,3412,101667,101330,2188,647,80.2,79.9,72,35.5,20.2,16.3,5.8,3.6,2.2,,,0,2.2,0.6,,1.6,,
계,중랑구,2024,107223,66826,37464,29362,37416,2942,39,0.76,293,385349,317987,277147,107223,66826,,,662,309,210101,210013,2204,764,87.2,,,,,,,,,,,,,,,,,
