"시점","자치구별(1)",자치구별(2),행정구역(A),행정구역(A),청소구역(B),청소구역(B),수거지인구율(B/A) (%),배출량(C) (톤/일),처리량(D) (톤/일),수거율(D/C) (%),처리방법 (톤/일),처리방법 (톤/일),처리방법 (톤/일),처리방법 (톤/일),처리방법 (톤/일),처리방법 (톤/일)
"시점","자치구별(1)",자치구별(2),면적 (㎢),인구 (명),면적 (㎢),인구 (명),소계,소계,소계,소계,소계,매립,소각,재활용,해역배출,기타
"2000","합계",소계,605.50,10373234,605.50,10373234,100.0,32192.0,32192.0,100.0,32192.0,12045.0,934.0,18179.0,1034.0,-
"2000","합계",종로구,23.91,188946,23.91,188946,100.0,544.0,544.0,100.0,544.0,351.0,2.0,191.0,-,-
"2000","합계",중구,9.96,144074,9.96,144074,100.0,1160.0,1160.0,100.0,1160.0,509.0,1.0,650.0,-,-
"2000","합계",용산구,21.87,248794,21.87,248794,100.0,2406.0,2406.0,100.0,2406.0,229.0,9.0,2168.0,-,-
"2000","합계",성동구,16.84,342508,16.84,342508,100.0,1518.0,1518.0,100.0,1518.0,534.0,11.0,637.0,336.0,-
"2000","합계",광진구,17.05,393055,17.05,393055,100.0,782.0,782.0,100.0,782.0,365.0,71.0,346.0,-,-
"2000","합계",동대문구,14.22,382122,14.22,382122,100.0,1414.0,1414.0,100.0,1414.0,671.0,26.0,717.0,-,-
"2000","합계",중랑구,18.51,459255,18.51,459255,100.0,1000.0,1000.0,100.0,1000.0,469.0,131.0,400.0,-,-
"2000","합계",성북구,24.57,463488,24.57,463488,100.0,1404.0,1404.0,100.0,1404.0,294.0,3.0,1107.0,-,-
"2000","합계",강북구,23.61,352772,23.61,352772,100.0,1072.0,1072.0,100.0,1072.0,327.0,1.0,744.0,-,-
"2000","합계",도봉구,20.81,371932,20.81,371932,100.0,1620.0,1620.0,100.0,1620.0,651.0,3.0,966.0,-,-
"2000","합계",노원구,35.42,634068,35.42,634068,100.0,1090.0,1090.0,100.0,1090.0,272.0,245.0,573.0,-,-
"2000","합계",은평구,29.72,470747,29.72,470747,100.0,1030.0,1030.0,100.0,1030.0,497.0,2.0,531.0,-,-
"2000","합계",서대문구,17.60,373105,17.60,373105,100.0,542.0,542.0,100.0,542.0,266.0,6.0,270.0,-,-
"2000","합계",마포구,23.88,390101,23.88,390101,100.0,1503.0,1503.0,100.0,1503.0,645.0,2.0,856.0,-,-
"2000","합계",양천구,17.40,488282,17.40,488282,100.0,1307.0,1307.0,100.0,1307.0,206.0,251.0,850.0,-,-
"2000","합계",강서구,41.39,522962,41.39,522962,100.0,2714.0,2714.0,100.0,2714.0,1104.0,11.0,1182.0,417.0,-
"2000","합계",구로구,20.11,404786,20.11,404786,100.0,663.0,663.0,100.0,663.0,195.0,61.0,402.0,5.0,-
"2000","합계",금천구,13.00,268768,13.00,268768,100.0,782.0,782.0,100.0,782.0,292.0,11.0,479.0,-,-
"2000","합계",영등포구,24.57,409399,24.57,409399,100.0,1367.0,1367.0,100.0,1367.0,503.0,4.0,860.0,-,-
"2000","합계",동작구,16.35,417396,16.35,417396,100.0,1130.0,1130.0,100.0,1130.0,768.0,6.0,356.0,-,-
"2000","합계",관악구,29.57,525926,29.57,525926,100.0,1337.0,1337.0,100.0,1337.0,1037.0,6.0,294.0,-,-
"2000","합계",서초구,47.14,401858,47.14,401858,100.0,2547.0,2547.0,100.0,2547.0,545.0,24.0,1978.0,-,-
"2000","합계",강남구,39.55,555493,39.55,555493,100.0,1583.0,1583.0,100.0,1583.0,677.0,36.0,594.0,276.0,-
"2000","합계",송파구,33.87,665644,33.87,665644,100.0,1082.0,1082.0,100.0,1082.0,428.0,5.0,649.0,-,-
"2000","합계",강동구,24.58,497753,24.58,497753,100.0,595.0,595.0,100.0,595.0,210.0,6.0,379.0,-,-
"2001","합계",소계,605.52,10331244,605.52,10331244,100.0,42737.0,42737.0,100.0,42737.0,13923.5,1100.9,26462.1,1250.5,-
"2001","합계",종로구,23.91,187038,23.91,187038,100.0,591.9,591.9,100.0,591.9,405.5,6.6,179.8,-,-
"2001","합계",중구,9.97,146335,9.97,146335,100.0,1122.7,1122.7,100.0,1122.7,479.4,1.1,642.2,-,-
"2001","합계",용산구,21.87,250550,21.87,250550,100.0,852.1,852.1,100.0,852.1,353.6,7.4,491.1,-,-
"2001","합계",성동구,16.84,343471,16.84,343471,100.0,1504.4,1504.4,100.0,1504.4,532.8,17.1,618.9,335.6,-
"2001","합계",광진구,17.05,390090,17.05,390090,100.0,1737.5,1737.5,100.0,1737.5,616.6,5.6,1115.3,-,-
"2001","합계",동대문구,14.21,383822,14.21,383822,100.0,1378.7,1378.7,100.0,1378.7,666.1,9.8,702.8,-,-
"2001","합계",중랑구,18.52,449965,18.52,449965,100.0,1169.5,1169.5,100.0,1169.5,205.6,3.1,960.8,-,-
"2001","합계",성북구,24.55,453517,24.55,453517,100.0,984.8,984.8,100.0,984.8,271.4,0.9,712.5,-,-
"2001","합계",강북구,23.61,352317,23.61,352317,100.0,1260.6,1260.6,100.0,1260.6,234.7,1.3,1024.6,-,-
"2001","합계",도봉구,20.82,372318,20.82,372318,100.0,2010.9,2010.9,100.0,2010.9,321.6,2.5,1686.8,-,-
"2001","합계",노원구,35.44,648615,35.44,648615,100.0,1105.7,1105.7,100.0,1105.7,277.5,219.5,608.7,-,-
"2001","합계",은평구,29.72,469242,29.72,469242,100.0,1309.8,1309.8,100.0,1309.8,492.5,10.0,807.3,-,-
"2001","합계",서대문구,17.60,371316,17.60,371316,100.0,627.3,627.3,100.0,627.3,300.8,23.0,303.5,-,-
"2001","합계",마포구,23.87,382195,23.87,382195,100.0,1563.2,1563.2,100.0,1563.2,682.6,2.3,878.3,-,-
"2001","합계",양천구,17.41,486095,17.41,486095,100.0,1941.5,1941.5,100.0,1941.5,207.7,259.9,1473.9,-,-
"2001","합계",강서구,41.39,523542,41.39,523542,100.0,4903.2,4903.2,100.0,4903.2,845.1,13.2,3435.8,609.1,-
"2001","합계",구로구,20.11,417453,20.11,417453,100.0,1135.0,1135.0,100.0,1135.0,247.9,166.8,718.5,1.8,-
"2001","합계",금천구,13.00,263061,13.00,263061,100.0,818.6,818.6,100.0,818.6,311.1,9.9,497.6,-,-
"2001","합계",영등포구,24.56,409920,24.56,409920,100.0,2301.5,2301.5,100.0,2301.5,447.6,16.5,1837.4,-,-
"2001","합계",동작구,16.35,407793,16.35,407793,100.0,1981.8,1981.8,100.0,1981.8,390.8,3.7,1587.3,-,-
"2001","합계",관악구,29.56,529741,29.56,529741,100.0,1785.8,1785.8,100.0,1785.8,1411.5,8.4,365.9,-,-
"2001","합계",서초구,47.14,397983,47.14,397983,100.0,3067.3,3067.3,100.0,3067.3,793.7,76.9,2196.7,-,-
"2001","합계",강남구,39.55,546038,39.55,546038,100.0,3796.2,3796.2,100.0,3796.2,2709.9,208.7,573.6,304.0,-
"2001","합계",송파구,33.89,658242,33.89,658242,100.0,2620.1,2620.1,100.0,2620.1,491.4,19.3,2109.4,-,-
"2001","합계",강동구,24.58,490585,24.58,490585,100.0,1166.9,1166.9,100.0,1166.9,226.1,7.4,933.4,-,-
"2002","합계",소계,605.52,10280523,605.52,10280523,100.0,48328.2,48328.2,100.0,48328.2,17328.6,1112.7,28202.2,1684.7,-
"2002","합계",종로구,23.91,184224,23.91,184224,100.0,1073.5,1073.5,100.0,1073.5,610.2,75.7,387.6,-,-
"2002","합계",중구,9.96,141603,9.96,141603,100.0,1110.5,1110.5,100.0,1110.5,483.5,1.4,625.6,-,-
"2002","합계",용산구,21.87,245218,21.87,245218,100.0,2688.3,2688.3,100.0,2688.3,1149.6,17.6,1521.1,-,-
"2002","합계",성동구,16.84,343018,16.84,343018,100.0,2433.2,2433.2,100.0,2433.2,551.8,14.5,1161.8,705.1,-
"2002","합계",광진구,17.05,388478,17.05,388478,100.0,1561.1,1561.1,100.0,1561.1,343.6,14.2,1203.3,-,-
"2002","합계",동대문구,14.21,384356,14.21,384356,100.0,1380.7,1380.7,100.0,1380.7,595.6,8.9,776.2,-,-
"2002","합계",중랑구,18.50,443246,18.50,443246,100.0,1119.6,1119.6,100.0,1119.6,241.0,7.3,871.3,-,-
"2002","합계",성북구,24.57,446968,24.57,446968,100.0,945.6,945.6,100.0,945.6,304.8,4.0,636.8,-,-
"2002","합계",강북구,23.60,362906,23.60,362906,100.0,1148.3,1148.3,100.0,1148.3,243.3,70.0,835.0,-,-
"2002","합계",도봉구,20.80,373086,20.80,373086,100.0,897.0,897.0,100.0,897.0,309.0,-,588.0,-,-
"2002","합계",노원구,35.44,643585,35.44,643585,100.0,1415.4,1415.4,100.0,1415.4,395.5,184.8,835.1,-,-
"2002","합계",은평구,29.72,471873,29.72,471873,100.0,1757.9,1757.9,100.0,1757.9,613.4,15.6,1128.9,-,-
"2002","합계",서대문구,17.60,368001,17.60,368001,100.0,1156.6,1156.6,100.0,1156.6,363.0,19.5,774.1,-,-
"2002","합계",마포구,23.87,378777,23.87,378777,100.0,1518.6,1518.6,100.0,1518.6,616.3,5.1,897.2,-,-
"2002","합계",양천구,17.40,486350,17.40,486350,100.0,1706.3,1706.3,100.0,1706.3,458.1,236.3,1011.9,-,-
"2002","합계",강서구,41.39,530169,41.39,530169,100.0,5321.5,5321.5,100.0,5321.5,841.1,44.1,3736.5,699.8,-
"2002","합계",구로구,20.11,415789,20.11,415789,100.0,828.3,828.3,100.0,828.3,195.1,121.7,509.6,1.9,-
"2002","합계",금천구,13.00,264004,13.00,264004,100.0,925.0,925.0,100.0,925.0,501.8,17.4,402.1,3.7,-
"2002","합계",영등포구,24.57,412152,24.57,412152,100.0,2201.5,2201.5,100.0,2201.5,649.4,18.0,1529.1,5.0,-
"2002","합계",동작구,16.35,404872,16.35,404872,100.0,2019.0,2019.0,100.0,2019.0,382.3,8.6,1628.1,-,-
"2002","합계",관악구,29.57,524560,29.57,524560,100.0,1633.7,1633.7,100.0,1633.7,809.6,14.2,809.9,-,-
"2002","합계",서초구,47.14,393583,47.14,393583,100.0,3690.5,3690.5,100.0,3690.5,866.4,10.9,2813.2,-,-
"2002","합계",강남구,39.55,540813,39.55,540813,100.0,5427.3,5427.3,100.0,5427.3,4395.9,162.8,599.4,269.2,-
"2002","합계",송파구,33.89,649888,33.89,649888,100.0,2719.9,2719.9,100.0,2719.9,407.9,12.4,2299.6,-,-
"2002","합계",강동구,24.58,483004,24.58,483004,100.0,1648.9,1648.9,100.0,1648.9,1000.4,27.7,620.8,-,-
"2003","합계",소계,605.41,10276968,605.41,10276968,100.0,48189.0,48189.0,100.0,48189.0,13595.5,1484.7,31918.7,1190.1,-
"2003","합계",종로구,23.91,181441,23.91,181441,100.0,1496.1,1496.1,100.0,1496.1,811.1,100.4,584.6,-,-
"2003","합계",중구,9.96,138798,9.96,138798,100.0,2452.3,2452.3,100.0,2452.3,468.6,8.1,1975.6,-,-
"2003","합계",용산구,21.87,240723,21.87,240723,100.0,1607.1,1607.1,100.0,1607.1,340.6,19.1,1247.4,-,-
"2003","합계",성동구,16.85,343929,16.85,343929,100.0,1874.5,1874.5,100.0,1874.5,324.2,10.0,1236.3,304.0,-
"2003","합계",광진구,17.05,388659,17.05,388659,100.0,1669.0,1669.0,100.0,1669.0,316.5,25.3,1314.3,12.9,-
"2003","합계",동대문구,14.22,386814,14.22,386814,100.0,1851.8,1851.8,100.0,1851.8,351.0,106.0,1394.8,-,-
"2003","합계",중랑구,18.50,438011,18.50,438011,100.0,1757.3,1757.3,100.0,1757.3,219.8,11.8,1525.7,-,-
"2003","합계",성북구,24.57,456535,24.57,456535,100.0,794.4,794.4,100.0,794.4,311.5,5.3,477.6,-,-
"2003","합계",강북구,23.60,362094,23.60,362094,100.0,705.8,705.8,100.0,705.8,241.9,23.7,440.2,-,-
"2003","합계",도봉구,20.80,378166,20.80,378166,100.0,1311.9,1311.9,100.0,1311.9,299.4,2.3,1010.2,-,-
"2003","합계",노원구,35.43,633934,35.43,633934,100.0,685.4,685.4,100.0,685.4,50.6,168.9,465.9,-,-
"2003","합계",은평구,29.72,476843,29.72,476843,100.0,1063.1,1063.1,100.0,1063.1,324.6,7.3,731.2,-,-
"2003","합계",서대문구,17.61,361754,17.61,361754,100.0,1177.0,1177.0,100.0,1177.0,284.3,27.7,865.0,-,-
"2003","합계",마포구,23.87,383629,23.87,383629,100.0,2438.6,2438.6,100.0,2438.6,649.6,2.9,1786.1,-,-
"2003","합계",양천구,17.40,489257,17.40,489257,100.0,1126.6,1126.6,100.0,1126.6,167.3,149.1,810.2,-,-
"2003","합계",강서구,41.40,539673,41.40,539673,100.0,2761.8,2761.8,100.0,2761.8,860.2,156.9,1172.1,572.6,-
"2003","합계",구로구,20.11,419438,20.11,419438,100.0,781.1,781.1,100.0,781.1,167.2,121.8,489.3,2.8,-
"2003","합계",금천구,13.00,267355,13.00,267355,100.0,1323.1,1323.1,100.0,1323.1,328.4,51.8,939.4,3.5,-
"2003","합계",영등포구,24.57,410952,24.57,410952,100.0,2680.6,2680.6,100.0,2680.6,715.8,38.7,1912.3,13.8,-
"2003","합계",동작구,16.36,413204,16.36,413204,100.0,1888.4,1888.4,100.0,1888.4,341.2,14.1,1533.1,-,-
"2003","합계",관악구,29.57,526971,29.57,526971,100.0,1390.2,1390.2,100.0,1390.2,754.0,36.3,599.9,-,-
"2003","합계",서초구,47.03,400220,47.03,400220,100.0,3975.0,3975.0,100.0,3975.0,1189.6,29.4,2756.0,-,-
"2003","합계",강남구,39.54,536031,39.54,536031,100.0,5591.4,5591.4,100.0,5591.4,1768.1,210.9,3345.4,267.0,-
"2003","합계",송파구,33.89,623267,33.89,623267,100.0,3356.8,3356.8,100.0,3356.8,448.5,27.5,2880.8,-,-
"2003","합계",강동구,24.58,479270,24.58,479270,100.0,2429.7,2429.7,100.0,2429.7,1861.5,129.4,425.3,13.5,-
"2004","합계",소계,605.39,10287847,605.39,10287847,100.0,45839.1,45839.1,100.0,45839.1,11818.5,1549.4,31336.3,1134.9,-
"2004","합계",종로구,23.91,178574,23.91,178574,100.0,2732.8,2732.8,100.0,2732.8,801.6,367.6,1563.6,-,-
"2004","합계",중구,9.96,136585,9.96,136585,100.0,1487.2,1487.2,100.0,1487.2,396.6,11.7,1078.9,-,-
"2004","합계",용산구,21.87,239070,21.87,239070,100.0,693.7,693.7,100.0,693.7,439.0,18.0,236.7,-,-
"2004","합계",성동구,16.85,343992,16.85,343992,100.0,1438.3,1438.3,100.0,1438.3,187.3,9.5,881.7,359.8,-
"2004","합계",광진구,17.05,384681,17.05,384681,100.0,838.3,838.3,100.0,838.3,161.7,18.2,658.4,-,-
"2004","합계",동대문구,14.22,383896,14.22,383896,100.0,2243.5,2243.5,100.0,2243.5,388.2,49.9,1805.4,-,-
"2004","합계",중랑구,18.50,436063,18.50,436063,100.0,1571.5,1571.5,100.0,1571.5,187.8,16.1,1367.6,-,-
"2004","합계",성북구,24.57,455041,24.57,455041,100.0,1995.0,1995.0,100.0,1995.0,506.7,11.9,1476.4,-,-
"2004","합계",강북구,23.60,362275,23.60,362275,100.0,738.9,738.9,100.0,738.9,213.9,12.5,512.5,-,-
"2004","합계",도봉구,20.80,383611,20.80,383611,100.0,627.2,627.2,100.0,627.2,123.9,-,502.9,-,-
"2004","합계",노원구,35.42,630555,35.42,630555,100.0,2050.9,2050.9,100.0,2050.9,59.9,162.7,1828.3,-,-
"2004","합계",은평구,29.71,480320,29.71,480320,100.0,920.0,920.0,100.0,920.0,307.5,6.7,605.8,-,-
"2004","합계",서대문구,17.61,358186,17.61,358186,100.0,1135.1,1135.1,100.0,1135.1,262.8,31.9,840.4,-,-
"2004","합계",마포구,23.87,388111,23.87,388111,100.0,1826.3,1826.3,100.0,1826.3,537.1,15.0,1274.2,-,-
"2004","합계",양천구,17.40,497642,17.40,497642,100.0,1076.6,1076.6,100.0,1076.6,135.3,212.0,729.3,-,-
"2004","합계",강서구,41.40,544762,41.40,544762,100.0,5163.0,5163.0,100.0,5163.0,2056.7,161.1,2436.6,508.6,-
"2004","합계",구로구,20.11,424725,20.11,424725,100.0,603.6,603.6,100.0,603.6,97.8,113.3,392.5,-,-
"2004","합계",금천구,13.01,266047,13.01,266047,100.0,650.8,650.8,100.0,650.8,317.6,15.5,314.2,3.5,-
"2004","합계",영등포구,24.56,415889,24.56,415889,100.0,2502.1,2502.1,100.0,2502.1,401.6,8.6,2086.2,5.7,-
"2004","합계",동작구,16.36,414199,16.36,414199,100.0,1409.9,1409.9,100.0,1409.9,259.1,11.6,1139.2,-,-
"2004","합계",관악구,29.57,535688,29.57,535688,100.0,1423.6,1423.6,100.0,1423.6,612.7,38.5,772.4,-,-
"2004","합계",서초구,47.04,406752,47.04,406752,100.0,2571.9,2571.9,100.0,2571.9,563.9,11.7,1996.3,-,-
"2004","합계",강남구,39.54,539333,39.54,539333,100.0,4574.6,4574.6,100.0,4574.6,1299.6,200.5,2832.2,242.3,-
"2004","합계",송파구,33.88,608439,33.88,608439,100.0,3388.4,3388.4,100.0,3388.4,389.9,18.2,2965.3,15.0,-
"2004","합계",강동구,24.58,473411,24.58,473411,100.0,2175.9,2175.9,100.0,2175.9,1110.3,26.3,1039.3,-,-
"2005","합계",소계,605.40,10297004,608.00,10297004,100.0,32317.0,32317.0,100.0,32317.0,3911.0,1233.0,26043.0,1130.0,0.0
"2005","합계",종로구,23.91,173861,24.00,173861,100.0,2133.0,2133.0,100.0,2133.0,219.0,7.0,1907.0,0.0,0.0
"2005","합계",중구,9.96,134420,10.00,134420,100.0,1016.0,1016.0,100.0,1016.0,94.0,154.0,768.0,0.0,0.0
"2005","합계",용산구,21.87,240077,22.00,240077,100.0,734.0,734.0,100.0,734.0,60.0,94.0,580.0,0.0,0.0
"2005","합계",성동구,16.85,342691,17.00,342691,100.0,1613.0,1613.0,100.0,1613.0,177.0,10.0,1036.0,390.0,0.0
"2005","합계",광진구,17.06,380480,17.00,380480,100.0,1039.0,1039.0,100.0,1039.0,107.0,13.0,919.0,0.0,0.0
"2005","합계",동대문구,14.22,386280,14.00,386280,100.0,1275.0,1275.0,100.0,1275.0,205.0,10.0,1060.0,0.0,0.0
"2005","합계",중랑구,18.50,429922,19.00,429922,100.0,745.0,745.0,100.0,745.0,123.0,6.0,616.0,0.0,0.0
"2005","합계",성북구,24.56,467308,25.00,467308,100.0,1137.0,1137.0,100.0,1137.0,163.0,14.0,960.0,0.0,0.0
"2005","합계",강북구,23.60,355334,24.00,355334,100.0,747.0,747.0,100.0,747.0,124.0,0.0,623.0,0.0,0.0
"2005","합계",도봉구,20.80,383448,21.00,383448,100.0,468.0,468.0,100.0,468.0,91.0,1.0,376.0,0.0,0.0
"2005","합계",노원구,35.42,624855,35.00,624855,100.0,707.0,707.0,100.0,707.0,36.0,155.0,516.0,0.0,0.0
"2005","합계",은평구,29.71,473456,30.00,473456,100.0,1525.0,1525.0,100.0,1525.0,146.0,4.0,1375.0,0.0,0.0
"2005","합계",서대문구,17.61,355934,18.00,355934,100.0,793.0,793.0,100.0,793.0,161.0,8.0,624.0,0.0,0.0
"2005","합계",마포구,23.88,393155,24.00,393155,100.0,2555.0,2555.0,100.0,2555.0,53.0,111.0,2391.0,0.0,0.0
"2005","합계",양천구,17.40,502788,17.00,502788,100.0,649.0,649.0,100.0,649.0,22.0,135.0,492.0,0.0,0.0
"2005","합계",강서구,41.40,557373,41.00,557373,100.0,2528.0,2528.0,100.0,2528.0,366.0,51.0,1637.0,474.0,0.0
"2005","합계",구로구,20.11,427119,20.00,427119,100.0,1213.0,1213.0,100.0,1213.0,76.0,127.0,1010.0,0.0,0.0
"2005","합계",금천구,13.02,263936,13.00,263936,100.0,1218.0,1218.0,100.0,1218.0,135.0,27.0,1053.0,3.0,0.0
"2005","합계",영등포구,24.57,421327,25.00,421327,100.0,1584.0,1584.0,100.0,1584.0,312.0,14.0,1258.0,0.0,0.0
"2005","합계",동작구,16.35,414668,16.00,414668,100.0,844.0,844.0,100.0,844.0,135.0,7.0,702.0,0.0,0.0
"2005","합계",관악구,29.57,537235,30.00,537235,100.0,998.0,998.0,100.0,998.0,192.0,16.0,790.0,0.0,0.0
"2005","합계",서초구,47.03,406875,47.00,406875,100.0,1825.0,1825.0,100.0,1825.0,363.0,13.0,1449.0,0.0,0.0
"2005","합계",강남구,39.54,547775,40.00,547775,100.0,2424.0,2424.0,100.0,2424.0,160.0,227.0,1777.0,260.0,0.0
"2005","합계",송파구,33.88,610023,34.00,610023,100.0,1615.0,1615.0,100.0,1615.0,245.0,13.0,1354.0,3.0,0.0
"2005","합계",강동구,24.58,466664,25.00,466664,100.0,932.0,932.0,100.0,932.0,146.0,16.0,770.0,0.0,0.0
"2006","합계",소계,605.40,10356202,605.40,10356202,100.0,45427.0,45427.0,100.0,45427.0,4838.0,1452.0,38660.0,309.0,167.7
"2006","합계",종로구,23.91,172690,23.91,172690,100.0,1517.0,1517.0,100.0,1517.0,204.3,6.5,1306.0,-,0.4
"2006","합계",중구,9.96,136348,9.96,136348,100.0,2046.0,2046.0,100.0,2046.0,94.2,183.7,1767.8,-,-
"2006","합계",용산구,21.87,243033,21.87,243033,100.0,985.6,985.6,100.0,985.6,53.2,128.7,803.6,-,0.1
"2006","합계",성동구,16.85,340895,16.85,340895,100.0,2008.0,2008.0,100.0,2008.0,281.9,5.6,1276.0,307.4,136.3
"2006","합계",광진구,17.06,381540,17.06,381540,100.0,1332.0,1332.0,100.0,1332.0,156.0,18.8,1153.7,-,3.5
"2006","합계",동대문구,14.22,385712,14.22,385712,100.0,1741.0,1741.0,100.0,1741.0,615.3,10.9,1115.0,-,-
"2006","합계",중랑구,18.50,429404,18.50,429404,100.0,2215.7,2215.7,100.0,2215.7,217.1,12.3,1986.3,-,-
"2006","합계",성북구,24.56,478511,24.56,478511,100.0,1562.0,1562.0,100.0,1562.0,200.6,9.8,1351.5,-,0.3
"2006","합계",강북구,23.60,351624,23.60,351624,100.0,791.3,791.3,100.0,791.3,116.2,6.6,668.0,-,0.5
"2006","합계",도봉구,20.80,379755,20.80,379755,100.0,655.3,655.3,100.0,655.3,89.2,5.3,560.8,-,-
"2006","합계",노원구,35.42,621676,35.42,621676,100.0,1725.2,1725.2,100.0,1725.2,43.5,159.9,1521.8,-,-
"2006","합계",은평구,29.71,467940,29.71,467940,100.0,2369.0,2369.0,100.0,2369.0,153.6,45.3,2170.0,-,-
"2006","합계",서대문구,17.61,356652,17.61,356652,100.0,1192.7,1192.7,100.0,1192.7,161.5,10.0,1021.2,-,-
"2006","합계",마포구,23.88,397049,23.88,397049,100.0,2123.0,2123.0,100.0,2123.0,88.5,123.3,1911.0,-,-
"2006","합계",양천구,17.40,505606,17.40,505606,100.0,785.8,785.8,100.0,785.8,48.5,133.1,604.2,-,-
"2006","합계",강서구,41.40,559845,41.40,559845,100.0,3997.0,3997.0,100.0,3997.0,468.3,119.8,3400.0,-,8.5
"2006","합계",구로구,20.11,436786,20.11,436786,100.0,1581.0,1581.0,100.0,1581.0,93.3,136.2,1350.0,-,2.1
"2006","합계",금천구,13.02,263989,13.02,263989,100.0,642.0,642.0,100.0,642.0,121.7,11.8,507.0,-,1.3
"2006","합계",영등포구,24.57,429816,24.57,429816,100.0,1616.0,1616.0,100.0,1616.0,286.5,7.8,1321.0,-,0.2
"2006","합계",동작구,16.35,414978,16.35,414978,100.0,942.3,942.3,100.0,942.3,152.4,7.3,780.8,1.8,-
"2006","합계",관악구,29.57,545995,29.57,545995,100.0,1231.6,1231.6,100.0,1231.6,216.3,5.8,1009.5,-,-
"2006","합계",서초구,47.03,413970,47.03,413970,100.0,3240.0,3240.0,100.0,3240.0,263.9,11.8,2960.0,-,4.6
"2006","합계",강남구,39.54,564658,39.54,564658,100.0,3494.0,3494.0,100.0,3494.0,218.9,238.9,3036.0,-,0.3
"2006","합계",송파구,33.88,612527,33.88,612527,100.0,4015.0,4015.0,100.0,4015.0,317.5,38.3,3649.0,-,9.6
"2006","합계",강동구,24.58,465203,24.58,465203,100.0,1619.8,1619.8,100.0,1619.8,175.6,14.3,1429.9,-,-
"2007","합계",소계,605.25,10421782,605.25,10421782,100.0,44203.6,44203.6,100.0,44203.6,4683.5,2031.0,37478.6,10.5,-
"2007","합계",종로구,23.91,173843,23.91,173843,100.0,1057.0,1057.0,100.0,1057.0,238.6,8.0,810.4,-,-
"2007","합계",중구,9.96,137435,9.96,137435,100.0,2153.8,2153.8,100.0,2153.8,128.5,198.6,1826.7,-,-
"2007","합계",용산구,21.87,248362,21.87,248362,100.0,1009.1,1009.1,100.0,1009.1,62.4,112.7,834.0,-,-
"2007","합계",성동구,16.85,341620,16.85,341620,100.0,1882.9,1882.9,100.0,1882.9,409.9,21.0,1452.0,-,-
"2007","합계",광진구,17.05,386367,17.05,386367,100.0,888.8,888.8,100.0,888.8,109.2,43.6,736.0,-,-
"2007","합계",동대문구,14.20,385825,14.20,385825,100.0,1850.3,1850.3,100.0,1850.3,195.6,1.8,1652.9,-,-
"2007","합계",중랑구,18.50,431406,18.50,431406,100.0,1277.3,1277.3,100.0,1277.3,140.4,73.2,1063.7,-,-
"2007","합계",성북구,24.57,477358,24.57,477358,100.0,1803.9,1803.9,100.0,1803.9,119.1,43.8,1641.0,-,-
"2007","합계",강북구,23.61,348702,23.61,348702,100.0,990.0,990.0,100.0,990.0,77.6,40.9,871.5,-,-
"2007","합계",도봉구,20.70,378559,20.70,378559,100.0,601.5,601.5,100.0,601.5,62.5,29.2,509.8,-,-
"2007","합계",노원구,35.42,621192,35.42,621192,100.0,1025.8,1025.8,100.0,1025.8,59.1,148.6,818.1,-,-
"2007","합계",은평구,29.71,463473,29.71,463473,100.0,3349.3,3349.3,100.0,3349.3,174.3,80.3,3094.7,-,-
"2007","합계",서대문구,17.61,357174,17.61,357174,100.0,862.0,862.0,100.0,862.0,151.5,10.3,700.2,-,-
"2007","합계",마포구,23.87,400392,23.87,400392,100.0,2080.2,2080.2,100.0,2080.2,79.4,135.7,1865.1,-,-
"2007","합계",양천구,17.40,508566,17.40,508566,100.0,1309.2,1309.2,100.0,1309.2,104.5,136.0,1068.7,-,-
"2007","합계",강서구,41.42,566495,41.42,566495,100.0,2536.8,2536.8,100.0,2536.8,546.8,233.8,1756.2,-,-
"2007","합계",구로구,20.11,445095,20.11,445095,100.0,1793.2,1793.2,100.0,1793.2,84.6,144.4,1564.2,-,-
"2007","합계",금천구,13.01,264323,13.01,264323,100.0,1369.6,1369.6,100.0,1369.6,118.3,25.9,1225.4,-,-
"2007","합계",영등포구,24.57,439151,24.57,439151,100.0,2089.8,2089.8,100.0,2089.8,290.9,68.5,1724.1,6.3,-
"2007","합계",동작구,16.35,414839,16.35,414839,100.0,1933.1,1933.1,100.0,1933.1,142.2,50.5,1738.6,1.8,-
"2007","합계",관악구,29.57,550766,29.57,550766,100.0,1244.3,1244.3,100.0,1244.3,181.6,13.5,1049.2,-,-
"2007","합계",서초구,47.00,411951,47.00,411951,100.0,2903.7,2903.7,100.0,2903.7,213.2,44.9,2645.6,-,-
"2007","합계",강남구,39.54,569176,39.54,569176,100.0,3519.3,3519.3,100.0,3519.3,423.2,268.3,2827.8,-,-
"2007","합계",송파구,33.88,630691,33.88,630691,100.0,2957.1,2957.1,100.0,2957.1,330.7,64.7,2559.3,2.4,-
"2007","합계",강동구,24.58,469021,24.58,469021,100.0,1715.5,1715.5,100.0,1715.5,239.4,32.8,1443.3,-,-
"2008","합계",소계,605.27,10456034,605.27,10456034,100.0,44941.6,44941.6,100.0,44941.6,3868.0,2302.9,38761.1,9.6,-
"2008","합계",종로구,23.91,179754,23.91,179754,100.0,1077.5,1077.5,100.0,1077.5,182.7,11.2,883.7,-,-
"2008","합계",중구,9.96,138811,9.96,138811,100.0,2273.7,2273.7,100.0,2273.7,84.9,188.4,2000.4,-,-
"2008","합계",용산구,21.87,251043,21.87,251043,100.0,2195.8,2195.8,100.0,2195.8,44.6,114.6,2036.7,-,-
"2008","합계",성동구,16.85,322679,16.85,322679,100.0,2323.7,2323.7,100.0,2323.7,356.2,73.3,1894.3,-,-
"2008","합계",광진구,17.06,387254,17.06,387254,100.0,1091.7,1091.7,100.0,1091.7,59.1,89.8,942.9,-,-
"2008","합계",동대문구,14.20,381663,14.20,381663,100.0,1794.7,1794.7,100.0,1794.7,166.9,9.8,1618.1,-,-
"2008","합계",중랑구,18.50,432845,18.50,432845,100.0,879.7,879.7,100.0,879.7,47.8,77.1,754.8,-,-
"2008","합계",성북구,24.57,481419,24.57,481419,100.0,2253.6,2253.6,100.0,2253.6,135.9,95.1,2022.6,-,-
"2008","합계",강북구,23.61,345754,23.61,345754,100.0,1133.4,1133.4,100.0,1133.4,50.9,54.6,1027.9,-,-
"2008","합계",도봉구,20.70,376698,20.70,376698,100.0,715.6,715.6,100.0,715.6,41.6,49.2,624.7,-,-
"2008","합계",노원구,35.43,620808,35.43,620808,100.0,900.6,900.6,100.0,900.6,90.1,121.9,688.6,-,-
"2008","합계",은평구,29.69,463364,29.69,463364,100.0,3604.4,3604.4,100.0,3604.4,179.1,43.7,3381.7,-,-
"2008","합계",서대문구,17.60,340731,17.60,340731,100.0,1085.8,1085.8,100.0,1085.8,137.8,10.9,936.4,0.7,-
"2008","합계",마포구,23.87,393241,23.87,393241,100.0,2572.8,2572.8,100.0,2572.8,61.4,129.5,2381.9,-,-
"2008","합계",양천구,17.40,507899,17.40,507899,100.0,1224.2,1224.2,100.0,1224.2,97.5,121.3,1005.4,-,-
"2008","합계",강서구,41.43,583545,41.43,583545,100.0,2603.4,2603.4,100.0,2603.4,450.1,233.3,1920.1,-,-
"2008","합계",구로구,20.14,448696,20.14,448696,100.0,1325.2,1325.2,100.0,1325.2,46.6,131.4,1147.1,-,-
"2008","합계",금천구,13.01,265244,13.01,265244,100.0,1780.4,1780.4,100.0,1780.4,108.8,6.4,1665.2,-,-
"2008","합계",영등포구,24.57,443537,24.57,443537,100.0,1805.0,1805.0,100.0,1805.0,147.4,92.9,1557.7,7.0,-
"2008","합계",동작구,16.35,410934,16.35,410934,100.0,1773.0,1773.0,100.0,1773.0,125.5,71.2,1574.4,1.9,-
"2008","합계",관악구,29.57,551873,29.57,551873,100.0,1256.2,1256.2,100.0,1256.2,159.9,14.7,1081.7,-,-
"2008","합계",서초구,47.00,412065,47.00,412065,100.0,2294.2,2294.2,100.0,2294.2,137.3,142.7,2014.2,-,-
"2008","합계",강남구,39.54,565624,39.54,565624,100.0,3044.1,3044.1,100.0,3044.1,680.6,208.5,2155.0,-,-
"2008","합계",송파구,33.88,676580,33.88,676580,100.0,2482.8,2482.8,100.0,2482.8,157.0,142.5,2183.2,-,-
"2008","합계",강동구,24.58,473973,24.58,473973,100.0,1450.1,1450.1,100.0,1450.1,118.7,69.0,1262.4,-,-
"2009","합계",소계,605.25,10464051,605.25,10464051,100.0,43785.6,43785.6,100.0,43785.6,3156.4,2379.4,37741.7,508.0,-
"2009","합계",종로구,23.91,177543,23.91,177543,100.0,1542.2,1542.2,100.0,1542.2,65.4,111.2,1365.6,-,-
"2009","합계",중구,9.96,137861,9.96,137861,100.0,1871.4,1871.4,100.0,1871.4,80.8,160.0,1630.6,-,-
"2009","합계",용산구,21.87,251200,21.87,251200,100.0,1338.8,1338.8,100.0,1338.8,80.7,93.7,1164.3,-,-
"2009","합계",성동구,16.85,316064,16.85,316064,100.0,3458.5,3458.5,100.0,3458.5,78.9,91.0,3199.9,88.7,-
"2009","합계",광진구,17.06,386513,17.06,386513,100.0,949.6,949.6,100.0,949.6,28.1,89.0,832.5,-,-
"2009","합계",동대문구,14.20,374277,14.20,374277,100.0,1779.4,1779.4,100.0,1779.4,151.4,0.7,1627.3,-,-
"2009","합계",중랑구,18.50,429700,18.50,429700,100.0,782.4,782.4,100.0,782.4,44.5,88.9,649.0,-,-
"2009","합계",성북구,24.57,484457,24.57,484457,100.0,1418.5,1418.5,100.0,1418.5,227.8,104.9,1085.8,-,-
"2009","합계",강북구,23.61,343912,23.61,343912,100.0,1079.6,1079.6,100.0,1079.6,59.6,77.8,942.2,-,-
"2009","합계",도봉구,20.70,372398,20.70,372398,100.0,638.3,638.3,100.0,638.3,22.7,55.1,560.5,-,-
"2009","합계",노원구,35.44,615161,35.44,615161,100.0,1002.1,1002.1,100.0,1002.1,141.8,131.4,729.0,-,-
"2009","합계",은평구,29.69,470782,29.69,470782,100.0,2367.9,2367.9,100.0,2367.9,135.6,41.7,2190.5,-,-
"2009","합계",서대문구,17.60,336649,17.60,336649,100.0,1812.4,1812.4,100.0,1812.4,111.6,70.6,1630.0,0.2,-
"2009","합계",마포구,23.87,392313,23.87,392313,100.0,2459.0,2459.0,100.0,2459.0,103.7,108.3,2247.0,-,-
"2009","합계",양천구,17.41,506684,17.41,506684,100.0,1386.1,1386.1,100.0,1386.1,116.4,90.3,1179.4,-,-
"2009","합계",강서구,41.42,579196,41.42,579196,100.0,2127.5,2127.5,100.0,2127.5,101.9,182.3,1594.6,248.7,-
"2009","합계",구로구,20.12,449613,20.12,449613,100.0,1525.7,1525.7,100.0,1525.7,47.2,133.3,1345.2,-,-
"2009","합계",금천구,13.00,263116,13.00,263116,100.0,977.8,977.8,100.0,977.8,104.9,11.5,861.4,-,-
"2009","합계",영등포구,24.57,441747,24.57,441747,100.0,2115.1,2115.1,100.0,2115.1,139.4,67.4,1908.3,-,-
"2009","합계",동작구,16.35,407973,16.35,407973,100.0,1311.1,1311.1,100.0,1311.1,76.2,93.5,1139.8,1.5,-
"2009","합계",관악구,29.57,547311,29.57,547311,100.0,1516.5,1516.5,100.0,1516.5,170.1,8.4,1337.9,-,-
"2009","합계",서초구,47.00,431131,47.00,431131,100.0,1545.1,1545.1,100.0,1545.1,101.5,163.7,1280.0,-,-
"2009","합계",강남구,39.54,569499,39.54,569499,100.0,2949.8,2949.8,100.0,2949.8,412.2,203.5,2173.7,160.4,-
"2009","합계",송파구,33.88,689296,33.88,689296,100.0,3669.7,3669.7,100.0,3669.7,98.4,136.9,3425.9,8.5,-
"2009","합계",강동구,24.58,489655,24.58,489655,100.0,2161.0,2161.0,100.0,2161.0,455.6,64.2,1641.2,-,-
"2010","합계",소계,605.25,10575447,605.25,10575447,100.0,37747.2,37747.2,100.0,37747.2,2503.4,2131.6,32404.1,708.1,-
"2010","합계",종로구,23.91,179362,23.91,179362,100.0,1413.9,1413.9,100.0,1413.9,120.3,86.3,1207.3,-,-
"2010","합계",중구,9.96,141200,9.96,141200,100.0,1294.9,1294.9,100.0,1294.9,78.8,201.0,1015.1,-,-
"2010","합계",용산구,21.87,257143,21.87,257143,100.0,910.8,910.8,100.0,910.8,26.5,17.3,867.0,-,-
"2010","합계",성동구,16.85,316892,16.85,316892,100.0,2971.5,2971.5,100.0,2971.5,34.3,85.3,2828.6,23.3,-
"2010","합계",광진구,17.06,388775,17.06,388775,100.0,1145.8,1145.8,100.0,1145.8,31.3,76.0,1038.5,-,-
"2010","합계",동대문구,14.20,379343,14.20,379343,100.0,1240.9,1240.9,100.0,1240.9,153.7,0.5,1086.7,-,-
"2010","합계",중랑구,18.50,432302,18.50,432302,100.0,1004.4,1004.4,100.0,1004.4,30.2,76.0,898.2,-,-
"2010","합계",성북구,24.56,497692,24.56,497692,100.0,1168.7,1168.7,100.0,1168.7,45.5,108.1,1015.1,-,-
"2010","합계",강북구,23.61,350007,23.61,350007,100.0,901.2,901.2,100.0,901.2,30.8,78.3,792.1,-,-
"2010","합계",도봉구,20.70,370734,20.70,370734,100.0,839.4,839.4,100.0,839.4,16.2,59.7,763.5,-,-
"2010","합계",노원구,35.44,615425,35.44,615425,100.0,1210.6,1210.6,100.0,1210.6,111.9,119.0,979.7,-,-
"2010","합계",은평구,29.69,492925,29.69,492925,100.0,1238.5,1238.5,100.0,1238.5,110.3,42.0,1086.2,-,-
"2010","합계",서대문구,17.60,333871,17.60,333871,100.0,2606.8,2606.8,100.0,2606.8,241.1,77.0,2288.7,-,-
"2010","합계",마포구,23.88,400464,23.88,400464,100.0,1689.9,1689.9,100.0,1689.9,63.3,109.2,1517.4,-,-
"2010","합계",양천구,17.40,505223,17.40,505223,100.0,958.6,958.6,100.0,958.6,40.1,54.9,863.6,-,-
"2010","합계",강서구,41.43,580506,41.43,580506,100.0,3354.0,3354.0,100.0,3354.0,307.3,102.6,2434.1,510.0,-
"2010","합계",구로구,20.12,452667,20.12,452667,100.0,1277.1,1277.1,100.0,1277.1,35.2,144.6,1097.3,-,-
"2010","합계",금천구,13.00,264544,13.00,264544,100.0,707.3,707.3,100.0,707.3,107.4,13.5,586.4,-,-
"2010","합계",영등포구,24.57,445648,24.57,445648,100.0,1657.2,1657.2,100.0,1657.2,118.6,48.0,1490.6,-,-
"2010","합계",동작구,16.35,413814,16.35,413814,100.0,1572.1,1572.1,100.0,1572.1,63.9,74.7,1433.5,-,-
"2010","합계",관악구,29.57,549736,29.57,549736,100.0,1252.9,1252.9,100.0,1252.9,162.7,37.3,1052.9,-,-
"2010","합계",서초구,47.00,440021,47.00,440021,100.0,1467.7,1467.7,100.0,1467.7,94.5,147.0,1226.2,-,-
"2010","합계",강남구,39.51,577070,39.51,577070,100.0,2909.8,2909.8,100.0,2909.8,345.6,141.2,2261.8,161.2,-
"2010","합계",송파구,33.88,693144,33.88,693144,100.0,1902.5,1902.5,100.0,1902.5,56.5,165.8,1666.6,13.6,-
"2010","합계",강동구,24.58,496939,24.58,496939,100.0,1050.7,1050.7,100.0,1050.7,77.4,66.3,907.0,-,-
"2011","합계",소계,605.21,10528774,605.21,10528774,100.0,39463.8,39463.8,100.0,39463.8,3126.8,2658.6,33089.7,588.7,-
"2011","합계",종로구,23.91,177419,23.91,177419,100.0,1406.3,1406.3,100.0,1406.3,82.3,86.3,1237.7,-,-
"2011","합계",중구,9.96,141567,9.96,141567,100.0,1267.8,1267.8,100.0,1267.8,79.7,206.6,981.5,-,-
"2011","합계",용산구,21.87,259288,21.87,259288,100.0,1091.3,1091.3,100.0,1091.3,23.9,97.6,969.8,-,-
"2011","합계",성동구,16.85,308767,16.85,308767,100.0,2159.7,2159.7,100.0,2159.7,320.9,86.1,1607.7,145.0,-
"2011","합계",광진구,17.06,386673,17.06,386673,100.0,1184.4,1184.4,100.0,1184.4,33.1,64.3,1087.0,-,-
"2011","합계",동대문구,14.20,378534,14.20,378534,100.0,1776.9,1776.9,100.0,1776.9,149.2,0.5,1627.2,-,-
"2011","합계",중랑구,18.50,428672,18.50,428672,100.0,921.7,921.7,100.0,921.7,17.1,103.8,800.8,-,-
"2011","합계",성북구,24.57,494422,24.57,494422,100.0,1009.9,1009.9,100.0,1009.9,31.1,109.2,869.6,-,-
"2011","합계",강북구,23.60,348740,23.60,348740,100.0,798.9,798.9,100.0,798.9,40.5,75.4,683.0,-,-
"2011","합계",도봉구,20.70,367949,20.70,367949,100.0,761.8,761.8,100.0,761.8,15.4,64.2,682.2,-,-
"2011","합계",노원구,35.44,608062,35.44,608062,100.0,977.2,977.2,100.0,977.2,68.4,121.1,787.7,-,-
"2011","합계",은평구,29.69,498350,29.69,498350,100.0,1692.7,1692.7,100.0,1692.7,106.1,39.8,1546.8,-,-
"2011","합계",서대문구,17.60,324529,17.60,324529,100.0,1160.5,1160.5,100.0,1160.5,112.5,63.5,984.5,-,-
"2011","합계",마포구,23.84,398627,23.84,398627,100.0,1549.7,1549.7,100.0,1549.7,52.8,113.8,1383.1,-,-
"2011","합계",양천구,17.41,505605,17.41,505605,100.0,1298.0,1298.0,100.0,1298.0,25.1,123.7,1149.2,-,-
"2011","합계",강서구,41.43,575846,41.43,575846,100.0,4880.2,4880.2,100.0,4880.2,770.9,246.2,3596.3,266.8,-
"2011","합계",구로구,20.12,458908,20.12,458908,100.0,1646.9,1646.9,100.0,1646.9,31.9,133.1,1481.9,-,-
"2011","합계",금천구,13.00,264256,13.00,264256,100.0,956.8,956.8,100.0,956.8,167.7,9.0,780.1,-,-
"2011","합계",영등포구,24.57,439555,24.57,439555,100.0,1658.2,1658.2,100.0,1658.2,98.5,112.4,1442.2,5.1,-
"2011","합계",동작구,16.35,413658,16.35,413658,100.0,1187.5,1187.5,100.0,1187.5,52.8,93.1,1041.6,-,-
"2011","합계",관악구,29.57,546350,29.57,546350,100.0,1128.7,1128.7,100.0,1128.7,161.8,7.8,959.1,-,-
"2011","합계",서초구,47.00,439012,47.00,439012,100.0,1828.9,1828.9,100.0,1828.9,115.4,146.6,1566.9,-,-
"2011","합계",강남구,39.51,573003,39.51,573003,100.0,3761.5,3761.5,100.0,3761.5,237.7,333.9,3024.3,165.6,-
"2011","합계",송파구,33.88,690466,33.88,690466,100.0,2443.9,2443.9,100.0,2443.9,248.5,161.8,2027.4,6.2,-
"2011","합계",강동구,24.59,500516,24.59,500516,100.0,914.4,914.4,100.0,914.4,83.5,58.8,772.1,-,-
"2012","합계",소계,605.18,10442426,605.18,10442426,100.0,37843.5,37843.5,100.0,37843.5,3768.6,2664.7,31119.0,291.2,-
"2012","합계",종로구,23.91,173148,23.91,173148,100.0,1066.1,1066.1,100.0,1066.1,31.5,103.4,931.3,-,-
"2012","합계",중구,9.96,140807,9.96,140807,100.0,1048.3,1048.3,100.0,1048.3,39.4,210.6,798.4,-,-
"2012","합계",용산구,21.87,255294,21.87,255294,100.0,1887.8,1887.8,100.0,1887.8,159.1,98.6,1630.2,-,-
"2012","합계",성동구,16.85,306868,16.85,306868,100.0,2513.3,2513.3,100.0,2513.3,690.9,70.7,1609.7,142.0,-
"2012","합계",광진구,17.06,384269,17.06,384269,100.0,1037.9,1037.9,100.0,1037.9,29.0,68.6,940.2,-,-
"2012","합계",동대문구,14.20,375683,14.20,375683,100.0,874.5,874.5,100.0,874.5,44.2,101.0,729.3,-,-
"2012","합계",중랑구,18.50,423655,18.50,423655,100.0,841.9,841.9,100.0,841.9,16.0,94.4,731.5,-,-
"2012","합계",성북구,24.57,490639,24.57,490639,100.0,817.3,817.3,100.0,817.3,30.6,108.6,678.1,-,-
"2012","합계",강북구,23.60,346493,23.60,346493,100.0,875.6,875.6,100.0,875.6,4.6,76.8,794.2,-,-
"2012","합계",도봉구,20.70,364454,20.70,364454,100.0,681.3,681.3,100.0,681.3,11.0,64.4,605.8,-,-
"2012","합계",노원구,35.44,600829,35.44,600829,100.0,894.8,894.8,100.0,894.8,5.9,121.6,767.3,-,-
"2012","합계",은평구,29.70,505902,29.70,505902,100.0,1524.4,1524.4,100.0,1524.4,202.8,48.6,1273.0,-,-
"2012","합계",서대문구,17.61,324733,17.61,324733,100.0,1608.5,1608.5,100.0,1608.5,94.5,88.0,1426.1,-,-
"2012","합계",마포구,23.84,393576,23.84,393576,100.0,2146.5,2146.5,100.0,2146.5,48.9,113.2,1984.4,-,-
"2012","합계",양천구,17.40,500533,17.40,500533,100.0,744.1,744.1,100.0,744.1,22.8,111.4,609.9,-,-
"2012","합계",강서구,41.43,573794,41.43,573794,100.0,3737.5,3737.5,100.0,3737.5,1180.6,174.1,2236.8,146.0,-
"2012","합계",구로구,20.12,454478,20.12,454478,100.0,1197.8,1197.8,100.0,1197.8,59.3,132.3,1006.2,-,-
"2012","합계",금천구,13.00,260734,13.00,260734,100.0,839.7,839.7,100.0,839.7,177.7,17.7,644.3,-,-
"2012","합계",영등포구,24.55,426876,24.55,426876,100.0,1801.0,1801.0,100.0,1801.0,63.9,128.1,1609.0,-,-
"2012","합계",동작구,16.35,416268,16.35,416268,100.0,923.6,923.6,100.0,923.6,27.0,82.4,814.3,-,-
"2012","합계",관악구,29.57,540520,29.57,540520,100.0,1201.3,1201.3,100.0,1201.3,118.9,21.7,1060.8,-,-
"2012","합계",서초구,47.00,439998,47.00,439998,100.0,1745.2,1745.2,100.0,1745.2,159.3,146.0,1439.9,-,-
"2012","합계",강남구,39.50,569997,39.50,569997,100.0,4326.8,4326.8,100.0,4326.8,345.0,269.0,3712.7,-,-
"2012","합계",송파구,33.88,680150,33.88,680150,100.0,2543.2,2543.2,100.0,2543.2,139.7,153.6,2246.7,3.2,-
"2012","합계",강동구,24.59,492728,24.59,492728,100.0,965.0,965.0,100.0,965.0,66.0,59.9,839.2,-,-
"2013","합계",소계,605.20,10388055,605.20,10388055,100.0,34474.3,34474.3,100.0,34474.3,2657.1,2707.6,29109.6,-,-
"2013","합계",종로구,23.91,167867,23.91,167867,100.0,1157.3,1157.3,100.0,1157.3,47.4,100.1,1009.8,-,-
"2013","합계",중구,9.96,137990,9.96,137990,100.0,1197.3,1197.3,100.0,1197.3,37.6,173.7,986.0,-,-
"2013","합계",용산구,21.87,251925,21.87,251925,100.0,903.5,903.5,100.0,903.5,22.1,89.0,792.4,-,-
"2013","합계",성동구,16.85,306571,16.85,306571,100.0,2468.9,2468.9,100.0,2468.9,402.4,81.6,1984.9,-,-
"2013","합계",광진구,17.06,381439,17.06,381439,100.0,1023.0,1023.0,100.0,1023.0,30.8,66.9,925.3,-,-
"2013","합계",동대문구,14.21,376445,14.21,376445,100.0,923.2,923.2,100.0,923.2,28.6,103.7,790.9,-,-
"2013","합계",중랑구,18.50,421237,18.50,421237,100.0,865.1,865.1,100.0,865.1,18.2,187.3,659.6,-,-
"2013","합계",성북구,24.58,485347,24.58,485347,100.0,1040.9,1040.9,100.0,1040.9,21.2,103.1,916.6,-,-
"2013","합계",강북구,23.60,341921,23.60,341921,100.0,832.6,832.6,100.0,832.6,8.0,70.2,754.4,-,-
"2013","합계",도봉구,20.70,360609,20.70,360609,100.0,673.3,673.3,100.0,673.3,10.3,58.6,604.4,-,-
"2013","합계",노원구,35.44,594027,35.44,594027,100.0,1098.2,1098.2,100.0,1098.2,83.3,116.5,898.4,-,-
"2013","합계",은평구,29.70,508111,29.70,508111,100.0,1273.4,1273.4,100.0,1273.4,216.3,43.0,1014.1,-,-
"2013","합계",서대문구,17.61,324067,17.61,324067,100.0,916.6,916.6,100.0,916.6,19.6,95.1,801.9,-,-
"2013","합계",마포구,23.84,391098,23.84,391098,100.0,1430.1,1430.1,100.0,1430.1,50.3,119.9,1259.9,-,-
"2013","합계",양천구,17.40,496934,17.40,496934,100.0,1328.7,1328.7,100.0,1328.7,54.0,105.2,1169.5,-,-
"2013","합계",강서구,41.43,575236,41.43,575236,100.0,3174.1,3174.1,100.0,3174.1,770.3,259.5,2144.3,-,-
"2013","합계",구로구,20.12,452168,20.12,452168,100.0,974.0,974.0,100.0,974.0,83.1,131.9,759.0,-,-
"2013","합계",금천구,13.02,258254,13.02,258254,100.0,749.8,749.8,100.0,749.8,122.6,11.4,615.8,-,-
"2013","합계",영등포구,24.53,421577,24.53,421577,100.0,1319.8,1319.8,100.0,1319.8,74.1,116.1,1129.6,-,-
"2013","합계",동작구,16.35,421487,16.35,421487,100.0,1090.5,1090.5,100.0,1090.5,21.1,87.8,981.6,-,-
"2013","합계",관악구,29.57,535128,29.57,535128,100.0,1169.2,1169.2,100.0,1169.2,117.9,27.2,1024.1,-,-
"2013","합계",서초구,47.00,446541,47.00,446541,100.0,2225.7,2225.7,100.0,2225.7,82.5,146.0,1997.2,-,-
"2013","합계",강남구,39.50,569152,39.50,569152,100.0,2710.6,2710.6,100.0,2710.6,133.7,198.8,2378.1,-,-
"2013","합계",송파구,33.87,674955,33.87,674955,100.0,2146.5,2146.5,100.0,2146.5,136.4,145.5,1864.6,-,-
"2013","합계",강동구,24.59,487969,24.59,487969,100.0,1782.0,1782.0,100.0,1782.0,65.3,69.5,1647.2,-,-
"2014","합계",소계,605.21,10369593,605.21,10369593,100.0,37199.6,37199.6,100.0,37199.6,3139.6,2528.1,31531.9,-,-
"2014","합계",종로구,23.91,165344,23.91,165344,100.0,1860.8,1860.8,100.0,1860.8,45.7,104.4,1710.7,-,-
"2014","합계",중구,9.96,136227,9.96,136227,100.0,1574.8,1574.8,100.0,1574.8,40.4,168.8,1365.6,-,-
"2014","합계",용산구,21.87,249914,21.87,249914,100.0,1210.2,1210.2,100.0,1210.2,26.8,87.7,1095.7,-,-
"2014","합계",성동구,16.86,303891,16.86,303891,100.0,2700.2,2700.2,100.0,2700.2,711.4,90.2,1898.6,-,-
"2014","합계",광진구,17.06,377375,17.06,377375,100.0,1099.4,1099.4,100.0,1099.4,41.9,60.3,997.2,-,-
"2014","합계",동대문구,14.21,376319,14.21,376319,100.0,1014.9,1014.9,100.0,1014.9,43.2,97.2,874.5,-,-
"2014","합계",중랑구,18.50,423411,18.50,423411,100.0,1165.6,1165.6,100.0,1165.6,26.9,85.4,1053.3,-,-
"2014","합계",성북구,24.58,475961,24.58,475961,100.0,1117.6,1117.6,100.0,1117.6,26.6,96.8,994.2,-,-
"2014","합계",강북구,23.60,338410,23.60,338410,100.0,744.2,744.2,100.0,744.2,16.5,66.5,661.2,-,-
"2014","합계",도봉구,20.70,355712,20.70,355712,100.0,641.7,641.7,100.0,641.7,13.2,55.4,573.1,-,-
"2014","합계",노원구,35.44,586056,35.44,586056,100.0,1192.2,1192.2,100.0,1192.2,84.4,109.3,998.5,-,-
"2014","합계",은평구,29.70,503243,29.70,503243,100.0,1271.5,1271.5,100.0,1271.5,173.3,46.5,1051.7,-,-
"2014","합계",서대문구,17.61,320861,17.61,320861,100.0,1024.0,1024.0,100.0,1024.0,18.8,93.9,911.3,-,-
"2014","합계",마포구,23.84,395830,23.84,395830,100.0,1932.0,1932.0,100.0,1932.0,101.3,116.6,1714.1,-,-
"2014","합계",양천구,17.40,490708,17.40,490708,100.0,995.2,995.2,100.0,995.2,87.5,112.4,795.3,-,-
"2014","합계",강서구,41.43,591653,41.43,591653,100.0,3225.7,3225.7,100.0,3225.7,568.8,255.2,2401.7,-,-
"2014","합계",구로구,20.12,457131,20.12,457131,100.0,1002.1,1002.1,100.0,1002.1,86.9,124.9,790.3,-,-
"2014","합계",금천구,13.02,258030,13.02,258030,100.0,808.8,808.8,100.0,808.8,127.7,9.4,671.7,-,-
"2014","합계",영등포구,24.53,421436,24.53,421436,100.0,1674.8,1674.8,100.0,1674.8,67.7,138.9,1468.2,-,-
"2014","합계",동작구,16.35,419261,16.35,419261,100.0,1345.5,1345.5,100.0,1345.5,29.3,81.3,1234.9,-,-
"2014","합계",관악구,29.57,531960,29.57,531960,100.0,1112.8,1112.8,100.0,1112.8,111.1,32.3,969.4,-,-
"2014","합계",서초구,47.00,454288,47.00,454288,100.0,2234.9,2234.9,100.0,2234.9,67.9,140.0,2027.0,-,-
"2014","합계",강남구,39.50,583446,39.50,583446,100.0,2952.7,2952.7,100.0,2952.7,425.8,151.6,2375.3,-,-
"2014","합계",송파구,33.88,671794,33.88,671794,100.0,2232.1,2232.1,100.0,2232.1,122.8,143.1,1966.2,-,-
"2014","합계",강동구,24.59,481332,24.59,481332,100.0,1065.9,1065.9,100.0,1065.9,73.7,60.0,932.2,-,-
"2015","합계",소계,605.25,10297138,605.25,10297138,100.0,41710.9,41710.9,100.0,41710.9,3659.7,2475.7,35575.5,-,-
"2015","합계",종로구,23.91,163822,23.91,163822,100.0,720.3,720.3,100.0,720.3,52.9,92.3,575.1,-,-
"2015","합계",중구,9.96,134329,9.96,134329,100.0,1328.1,1328.1,100.0,1328.1,72.4,167.5,1088.2,-,-
"2015","합계",용산구,21.87,247909,21.87,247909,100.0,907.3,907.3,100.0,907.3,24.4,80.2,802.7,-,-
"2015","합계",성동구,16.86,305065,16.86,305065,100.0,3427.8,3427.8,100.0,3427.8,758.1,74.9,2594.8,-,-
"2015","합계",광진구,17.06,375180,17.06,375180,100.0,1719.8,1719.8,100.0,1719.8,35.9,61.9,1622.0,-,-
"2015","합계",동대문구,14.21,373824,14.21,373824,100.0,1304.5,1304.5,100.0,1304.5,30.0,96.9,1177.6,-,-
"2015","합계",중랑구,18.50,418620,18.50,418620,100.0,1252.7,1252.7,100.0,1252.7,23.8,89.1,1139.8,-,-
"2015","합계",성북구,24.58,469560,24.58,469560,100.0,1237.4,1237.4,100.0,1237.4,24.7,92.4,1120.3,-,-
"2015","합계",강북구,23.60,334426,23.60,334426,100.0,1049.9,1049.9,100.0,1049.9,12.6,66.7,970.6,-,-
"2015","합계",도봉구,20.71,353241,20.71,353241,100.0,751.9,751.9,100.0,751.9,10.3,61.2,680.4,-,-
"2015","합계",노원구,35.44,578221,35.44,578221,100.0,1095.1,1095.1,100.0,1095.1,85.1,107.2,902.8,-,-
"2015","합계",은평구,29.70,502578,29.70,502578,100.0,1348.3,1348.3,100.0,1348.3,92.3,41.5,1214.5,-,-
"2015","합계",서대문구,17.61,323105,17.61,323105,100.0,1108.4,1108.4,100.0,1108.4,35.2,90.6,982.6,-,-
"2015","합계",마포구,23.84,398351,23.84,398351,100.0,2184.7,2184.7,100.0,2184.7,96.2,119.1,1969.4,-,-
"2015","합계",양천구,17.40,489010,17.40,489010,100.0,1025.1,1025.1,100.0,1025.1,93.1,98.0,834.0,-,-
"2015","합계",강서구,41.44,595691,41.44,595691,100.0,3970.2,3970.2,100.0,3970.2,1109.0,254.4,2606.8,-,-
"2015","합계",구로구,20.12,454604,20.12,454604,100.0,1175.7,1175.7,100.0,1175.7,101.9,122.1,951.7,-,-
"2015","합계",금천구,13.02,256167,13.02,256167,100.0,889.3,889.3,100.0,889.3,173.7,2.3,713.3,-,-
"2015","합계",영등포구,24.53,417811,24.53,417811,100.0,1276.6,1276.6,100.0,1276.6,62.5,133.1,1081.0,-,-
"2015","합계",동작구,16.35,412774,16.35,412774,100.0,1170.9,1170.9,100.0,1170.9,48.0,66.9,1056.0,-,-
"2015","합계",관악구,29.57,529031,29.57,529031,100.0,1319.5,1319.5,100.0,1319.5,102.8,30.8,1185.9,-,-
"2015","합계",서초구,47.00,451258,47.00,451258,100.0,2806.9,2806.9,100.0,2806.9,68.0,117.4,2621.5,-,-
"2015","합계",강남구,39.50,581760,39.50,581760,100.0,3134.6,3134.6,100.0,3134.6,336.4,210.6,2587.6,-,-
"2015","합계",송파구,33.88,667480,33.88,667480,100.0,4142.2,4142.2,100.0,4142.2,155.0,134.0,3853.2,-,-
"2015","합계",강동구,24.59,463321,24.59,463321,100.0,1363.7,1363.7,100.0,1363.7,55.4,64.6,1243.7,-,-
"2016","합계",소계,605.20,10204057,605.20,10204057,100.0,45117.5,45117.5,100.0,45117.5,3257.0,2740.7,39119.8,-,-
"2016","합계",종로구,23.91,161922,23.91,161922,100.0,945.6,945.6,100.0,945.6,58.9,144.3,742.4,-,-
"2016","합계",중구,9.96,134409,9.96,134409,100.0,1511.2,1511.2,100.0,1511.2,67.4,169.4,1274.4,-,-
"2016","합계",용산구,21.87,245102,21.87,245102,100.0,914.9,914.9,100.0,914.9,25.4,84.2,805.3,-,-
"2016","합계",성동구,16.86,307161,16.86,307161,100.0,2254.7,2254.7,100.0,2254.7,512.2,75.1,1667.4,-,-
"2016","합계",광진구,17.06,372104,17.06,372104,100.0,1457.4,1457.4,100.0,1457.4,29.4,64.2,1363.8,-,-
"2016","합계",동대문구,14.22,370312,14.22,370312,100.0,1564.7,1564.7,100.0,1564.7,33.8,95.4,1435.5,-,-
"2016","합계",중랑구,18.50,415677,18.50,415677,100.0,1091.2,1091.2,100.0,1091.2,21.0,90.1,980.1,-,-
"2016","합계",성북구,24.58,461617,24.58,461617,100.0,1664.5,1664.5,100.0,1664.5,19.9,91.7,1552.9,-,-
"2016","합계",강북구,23.60,330704,23.60,330704,100.0,885.1,885.1,100.0,885.1,9.2,67.7,808.2,-,-
"2016","합계",도봉구,20.67,350272,20.67,350272,100.0,745.5,745.5,100.0,745.5,7.8,62.4,675.3,-,-
"2016","합계",노원구,35.44,571212,35.44,571212,100.0,1202.2,1202.2,100.0,1202.2,99.2,113.9,989.1,-,-
"2016","합계",은평구,29.70,495937,29.70,495937,100.0,2010.9,2010.9,100.0,2010.9,66.3,87.8,1856.8,-,-
"2016","합계",서대문구,17.61,325871,17.61,325871,100.0,1255.5,1255.5,100.0,1255.5,38.7,92.8,1124.0,-,-
"2016","합계",마포구,23.84,390887,23.84,390887,100.0,1998.7,1998.7,100.0,1998.7,87.6,121.7,1789.4,-,-
"2016","합계",양천구,17.41,481845,17.41,481845,100.0,1312.3,1312.3,100.0,1312.3,63.5,99.3,1149.5,-,-
"2016","합계",강서구,41.44,602104,41.44,602104,100.0,3846.3,3846.3,100.0,3846.3,830.6,256.7,2759.0,-,-
"2016","합계",구로구,20.12,449600,20.12,449600,100.0,1445.2,1445.2,100.0,1445.2,84.8,124.5,1235.9,-,-
"2016","합계",금천구,13.02,254654,13.02,254654,100.0,1194.3,1194.3,100.0,1194.3,139.6,2.1,1052.6,-,-
"2016","합계",영등포구,24.53,406779,24.53,406779,100.0,1641.7,1641.7,100.0,1641.7,59.7,102.8,1479.2,-,-
"2016","합계",동작구,16.35,413247,16.35,413247,100.0,1801.8,1801.8,100.0,1801.8,25.4,72.7,1703.7,-,-
"2016","합계",관악구,29.57,525607,29.57,525607,100.0,1523.3,1523.3,100.0,1523.3,75.8,56.5,1391.0,-,-
"2016","합계",서초구,46.98,451477,46.98,451477,100.0,1876.1,1876.1,100.0,1876.1,70.4,143.7,1662.0,-,-
"2016","합계",강남구,39.50,572140,39.50,572140,100.0,4009.8,4009.8,100.0,4009.8,618.4,234.8,3156.6,-,-
"2016","합계",송파구,33.88,664946,33.88,664946,100.0,3334.4,3334.4,100.0,3334.4,147.4,161.3,3025.7,-,-
"2016","합계",강동구,24.59,448471,24.59,448471,100.0,3630.2,3630.2,100.0,3630.2,64.6,125.6,3440.0,-,-
"2017","합계",소계,605.24,10124579,605.24,10124579,100.0,45894.0,45894.0,100.0,45894.0,3157.3,2478.3,40258.4,-,-
"2017","합계",종로구,23.91,164257,23.91,164257,100.0,855.6,855.6,100.0,855.6,46.7,110.5,698.4,-,-
"2017","합계",중구,9.96,134593,9.96,134593,100.0,1211.9,1211.9,100.0,1211.9,76.7,183.6,951.6,-,-
"2017","합계",용산구,21.87,244444,21.87,244444,100.0,1564.1,1564.1,100.0,1564.1,41.8,82.2,1440.1,-,-
"2017","합계",성동구,16.86,312711,16.86,312711,100.0,2139.9,2139.9,100.0,2139.9,533.8,72.5,1533.6,-,-
"2017","합계",광진구,17.06,372298,17.06,372298,100.0,1090.9,1090.9,100.0,1090.9,25.6,62.5,1002.8,-,-
"2017","합계",동대문구,14.22,366011,14.22,366011,100.0,1560.5,1560.5,100.0,1560.5,42.7,93.5,1424.3,-,-
"2017","합계",중랑구,18.50,412780,18.50,412780,100.0,1793.4,1793.4,100.0,1793.4,20.7,85.2,1687.5,-,-
"2017","합계",성북구,24.57,455407,24.57,455407,100.0,1163.9,1163.9,100.0,1163.9,21.2,92.0,1050.7,-,-
"2017","합계",강북구,23.60,328002,23.60,328002,100.0,908.1,908.1,100.0,908.1,7.8,64.7,835.6,-,-
"2017","합계",도봉구,20.67,346234,20.67,346234,100.0,641.3,641.3,100.0,641.3,24.7,74.0,542.6,-,-
"2017","합계",노원구,35.44,558075,35.44,558075,100.0,1640.2,1640.2,100.0,1640.2,93.7,101.9,1444.6,-,-
"2017","합계",은평구,29.71,491202,29.71,491202,100.0,2342.4,2342.4,100.0,2342.4,74.1,72.1,2196.2,-,-
"2017","합계",서대문구,17.63,325028,17.63,325028,100.0,1428.7,1428.7,100.0,1428.7,44.4,82.9,1301.4,-,-
"2017","합계",마포구,23.85,385783,23.85,385783,100.0,1944.3,1944.3,100.0,1944.3,48.6,110.2,1785.5,-,-
"2017","합계",양천구,17.41,475018,17.41,475018,100.0,1193.6,1193.6,100.0,1193.6,63.9,94.5,1035.2,-,-
"2017","합계",강서구,41.44,608255,41.44,608255,100.0,3897.1,3897.1,100.0,3897.1,780.3,233.9,2882.9,-,-
"2017","합계",구로구,20.12,441559,20.12,441559,100.0,1454.2,1454.2,100.0,1454.2,87.9,115.8,1250.5,-,-
"2017","합계",금천구,13.02,253491,13.02,253491,100.0,1420.9,1420.9,100.0,1420.9,143.0,1.9,1276.0,-,-
"2017","합계",영등포구,24.55,402024,24.55,402024,100.0,3012.7,3012.7,100.0,3012.7,50.5,91.5,2870.7,-,-
"2017","합계",동작구,16.35,408493,16.35,408493,100.0,1228.5,1228.5,100.0,1228.5,51.9,60.2,1116.4,-,-
"2017","합계",관악구,29.57,520929,29.57,520929,100.0,1422.8,1422.8,100.0,1422.8,73.1,67.4,1282.3,-,-
"2017","합계",서초구,46.99,445401,46.99,445401,100.0,2688.4,2688.4,100.0,2688.4,93.7,117.1,2477.6,-,-
"2017","합계",강남구,39.50,561052,39.50,561052,100.0,3067.4,3067.4,100.0,3067.4,560.8,152.5,2354.1,-,-
"2017","합계",송파구,33.87,671173,33.87,671173,100.0,3909.9,3909.9,100.0,3909.9,120.9,163.5,3625.5,-,-
"2017","합계",강동구,24.59,440359,24.59,440359,100.0,2313.3,2313.3,100.0,2313.3,28.8,92.2,2192.3,-,-
"2018","합계",소계,605.24,10049607,605.24,10049607,100.0,46188.4,46188.4,100.0,46188.4,3023.0,2440.8,40724.6,-,-
"2018","합계",종로구,23.91,163026,23.91,163026,100.0,946.5,946.5,100.0,946.5,49.1,86.3,811.1,-,-
"2018","합계",중구,9.96,135633,9.96,135633,100.0,1042.1,1042.1,100.0,1042.1,48.3,148.5,845.3,-,-
"2018","합계",용산구,21.87,245090,21.87,245090,100.0,1155.5,1155.5,100.0,1155.5,28.1,75.9,1051.5,-,-
"2018","합계",성동구,16.86,316463,16.86,316463,100.0,2028.9,2028.9,100.0,2028.9,473.9,69.0,1486.0,-,-
"2018","합계",광진구,17.06,371063,17.06,371063,100.0,1250.8,1250.8,100.0,1250.8,28.4,57.6,1164.8,-,-
"2018","합계",동대문구,14.22,364338,14.22,364338,100.0,1658.0,1658.0,100.0,1658.0,41.0,89.6,1527.4,-,-
"2018","합계",중랑구,18.50,408147,18.50,408147,100.0,1760.5,1760.5,100.0,1760.5,35.3,89.4,1635.8,-,-
"2018","합계",성북구,24.57,447687,24.57,447687,100.0,2388.7,2388.7,100.0,2388.7,66.7,86.3,2235.7,-,-
"2018","합계",강북구,23.60,322915,23.60,322915,100.0,832.8,832.8,100.0,832.8,7.7,69.3,755.8,-,-
"2018","합계",도봉구,20.67,341649,20.67,341649,100.0,706.9,706.9,100.0,706.9,65.3,59.6,582.0,-,-
"2018","합계",노원구,35.44,548160,35.44,548160,100.0,1725.8,1725.8,100.0,1725.8,26.9,165.3,1533.6,-,-
"2018","합계",은평구,29.71,487666,29.71,487666,100.0,2043.5,2043.5,100.0,2043.5,97.8,50.1,1895.6,-,-
"2018","합계",서대문구,17.62,323080,17.62,323080,100.0,1198.7,1198.7,100.0,1198.7,40.5,81.5,1076.7,-,-
"2018","합계",마포구,23.85,386359,23.85,386359,100.0,1519.9,1519.9,100.0,1519.9,125.2,104.7,1290.0,-,-
"2018","합계",양천구,17.41,468145,17.41,468145,100.0,1063.1,1063.1,100.0,1063.1,70.6,85.2,907.3,-,-
"2018","합계",강서구,41.44,603611,41.44,603611,100.0,3779.2,3779.2,100.0,3779.2,753.3,251.0,2774.9,-,-
"2018","합계",구로구,20.12,438486,20.12,438486,100.0,1423.5,1423.5,100.0,1423.5,86.0,127.3,1210.2,-,-
"2018","합계",금천구,13.02,254021,13.02,254021,100.0,1399.2,1399.2,100.0,1399.2,138.7,1.9,1258.6,-,-
"2018","합계",영등포구,24.55,403600,24.55,403600,100.0,2322.4,2322.4,100.0,2322.4,23.7,107.1,2191.6,-,-
"2018","합계",동작구,16.35,409385,16.35,409385,100.0,1569.0,1569.0,100.0,1569.0,35.3,71.0,1462.7,-,-
"2018","합계",관악구,29.57,520040,29.57,520040,100.0,1506.9,1506.9,100.0,1506.9,92.5,36.8,1377.6,-,-
"2018","합계",서초구,46.98,438163,46.98,438163,100.0,2834.1,2834.1,100.0,2834.1,137.9,93.2,2603.0,-,-
"2018","합계",강남구,39.50,547453,39.50,547453,100.0,4789.0,4789.0,100.0,4789.0,342.0,211.5,4235.5,-,-
"2018","합계",송파구,33.87,673507,33.87,673507,100.0,2915.1,2915.1,100.0,2915.1,161.5,137.9,2615.7,-,-
"2018","합계",강동구,24.59,431920,24.59,431920,100.0,2328.3,2328.3,100.0,2328.3,47.3,84.8,2196.2,-,-
"2019","합계",소계,605.24,10010983,605.24,10010983,100.0,47642.9,47642.9,100.0,47642.9,1953.0,2518.6,42161.0,-,1010.3
"2019","합계",종로구,23.91,161869,23.91,161869,100.0,860.1,860.1,100.0,860.1,51.9,80.0,728.0,-,0.2
"2019","합계",중구,9.96,136488,9.96,136488,100.0,1459.8,1459.8,100.0,1459.8,58.8,135.4,1265.6,-,-
"2019","합계",용산구,21.87,245185,21.87,245185,100.0,1137.4,1137.4,100.0,1137.4,48.1,71.7,1008.5,-,9.1
"2019","합계",성동구,16.86,308979,16.86,308979,100.0,2168.3,2168.3,100.0,2168.3,318.8,113.8,1436.1,-,299.6
"2019","합계",광진구,17.06,366972,17.06,366972,100.0,1373.2,1373.2,100.0,1373.2,24.2,59.3,1289.3,-,0.4
"2019","합계",동대문구,14.22,363023,14.22,363023,100.0,1357.9,1357.9,100.0,1357.9,21.9,103.2,1232.6,-,0.2
"2019","합계",중랑구,18.50,402024,18.50,402024,100.0,1580.8,1580.8,100.0,1580.8,26.9,93.7,1459.7,-,0.5
"2019","합계",성북구,24.57,454744,24.57,454744,100.0,1345.4,1345.4,100.0,1345.4,11.2,87.2,1246.2,-,0.8
"2019","합계",강북구,23.60,317695,23.60,317695,100.0,847.5,847.5,100.0,847.5,7.7,69.0,770.8,-,-
"2019","합계",도봉구,20.66,335631,20.66,335631,100.0,802.1,802.1,100.0,802.1,60.0,76.1,623.2,-,42.8
"2019","합계",노원구,35.44,537303,35.44,537303,100.0,1575.4,1575.4,100.0,1575.4,103.1,106.1,1364.8,-,1.4
"2019","합계",은평구,29.71,484546,29.71,484546,100.0,2303.7,2303.7,100.0,2303.7,108.0,50.4,2144.9,-,0.4
"2019","합계",서대문구,17.63,323171,17.63,323171,100.0,1587.9,1587.9,100.0,1587.9,33.5,64.3,1489.6,-,0.5
"2019","합계",마포구,23.85,385925,23.85,385925,100.0,1956.9,1956.9,100.0,1956.9,56.1,151.9,1748.7,-,0.2
"2019","합계",양천구,17.41,462285,17.41,462285,100.0,1089.9,1089.9,100.0,1089.9,66.2,101.4,922.3,-,-
"2019","합계",강서구,41.44,598273,41.44,598273,100.0,2938.2,2938.2,100.0,2938.2,160.2,243.9,2210.5,-,323.6
"2019","합계",구로구,20.12,439371,20.12,439371,100.0,1324.8,1324.8,100.0,1324.8,84.1,131.0,1109.2,-,0.5
"2019","합계",금천구,13.02,251820,13.02,251820,100.0,1931.2,1931.2,100.0,1931.2,132.5,1.2,1796.7,-,0.8
"2019","합계",영등포구,24.55,400986,24.55,400986,100.0,2540.7,2540.7,100.0,2540.7,62.0,100.3,2374.6,-,3.8
"2019","합계",동작구,16.35,408912,16.35,408912,100.0,1503.7,1503.7,100.0,1503.7,27.7,67.3,1408.7,-,-
"2019","합계",관악구,29.57,517334,29.57,517334,100.0,1658.6,1658.6,100.0,1658.6,89.0,39.3,1530.2,-,0.1
"2019","합계",서초구,46.98,435107,46.98,435107,100.0,3772.1,3772.1,100.0,3772.1,84.4,129.7,3557.7,-,0.3
"2019","합계",강남구,39.50,550209,39.50,550209,100.0,3667.2,3667.2,100.0,3667.2,112.3,203.5,3055.1,-,296.3
"2019","합계",송파구,33.87,682741,33.87,682741,100.0,2324.8,2324.8,100.0,2324.8,153.6,128.2,2035.2,-,7.8
"2019","합계",강동구,24.59,440390,24.59,440390,100.0,4535.3,4535.3,100.0,4535.3,50.8,110.7,4352.8,-,21.0
